image_name,provenance_file,provenance_sha256,provenance_size_bytes
0_0.jpg,0_0.provenance.json,a4fb4aafb5f46b4f08d0b3caee30de5b3ed8da8a45af81564e3dcbf61cb1fc93,274
1_0.jpg,1_0.provenance.json,9fb2d99420b87aa894d44c20d8870c0c4ac2f9daa7ad12db877060930cadd3b6,274
1_1.jpg,1_1.provenance.json,055bb82d73c1ef0e3407d6d989e00a00c22f8ec5f98b03c8db80d46281717fee,274
2_0.jpg,2_0.provenance.json,6e31f39610f1848a2fb1158d8a44649377a81db0dac5fecbdb947c1397699bcc,274
2_1.jpg,2_1.provenance.json,f51d77051e40daeba4dbf7c1f95d8f8e6163da0c8a942ff90e0ea689fc6d931d,274
3_0.jpg,3_0.provenance.json,6a72d9aa78b901f5c4354aedb21fbffa7e1a961832041efc48f11925ea616bb3,274
3_1.jpg,3_1.provenance.json,74d34efcf8b54084a470596a0fd44f2d7d645672c4e5fd56428ff3ff8b3f212b,274
4_0.jpg,4_0.provenance.json,2911aa2830d720abb4403bd0a2168b808404c5264d64db218f15e4d0214370a7,274
5_0.jpg,5_0.provenance.json,66d317363c1425271c049826325623c7a5a107796b75011745d1ca8683cde76f,274
5_1.jpg,5_1.provenance.json,abb28d71b3475ad71b41a33fe8ca2d16e4dbe16fdee704516ccc38312a9191e7,274
6_0.jpg,6_0.provenance.json,98be3a507730f6de4b54e172af0785c74852bd8f1e11734574b853e5215c9d98,274
6_1.jpg,6_1.provenance.json,2bd0b973851d02546c1496a1d2b6af98849ddfe92cdc83b33384c8eab3efa4d2,274
7_0.jpg,7_0.provenance.json,4414a680f7fc7b2b79b38d163fa8c2f2e8e87e7d83dd3809a339cf4b9d634d2b,274
8_0.jpg,8_0.provenance.json,be7c0cf22e028b5edbf4906ac6d92bde909344fd26f883f8a8fa81f7e42d4a76,274
8_1.jpg,8_1.provenance.json,218798bedbc843dc2e9b959f23719a057b7f7a7e243036725b034ac0743a14d1,274
8_2.jpg,8_2.provenance.json,89e08d37d351f04f5e9b944fe4c91dc515dce41502ed848aed0b9e9935b72d80,274
8_3.jpg,8_3.provenance.json,5bb6d8d86ee904d70468ff9f14dd84fcff36c727172727828b50b2ad04c58012,274
9_0.jpg,9_0.provenance.json,77f5904b19119263027a872eda5683057579cca3cac29c31d4e1966ec7c1255c,274
9_1.jpg,9_1.provenance.json,70f40145dc84a34f3828f1c8cf206447433acbf39b394b2dec6906ac8b49adf2,274
10_0.jpg,10_0.provenance.json,45914068f8efd963be7694a41c3aa0442809a530d29706727138ba9360253775,276
10_1.jpg,10_1.provenance.json,d0ba670fa8e22e2ef23d20cec9264d3c6e0c5d507f6ea789f898eb47dce336c7,276
10_2.jpg,10_2.provenance.json,f1f8e4bf37451a365d6d929884c1dbe07a17a123775fb72cf1c4aab7a7983942,276
11_0.jpg,11_0.provenance.json,f7289628fd1f57318817f9b53dca22d6f4ef87d1b573b3c1a32169c2b06791fa,276
12_0.jpg,12_0.provenance.json,3446eb4146a639319e3699bccd0a839150af7f2a220e4f62a3ace005756d6458,276
12_1.jpg,12_1.provenance.json,ff29cbed78f883112d46c7e36416ed6b38e8dc11def21503807d3cda387606c9,276
12_2.jpg,12_2.provenance.json,2d89ab794f8e14fc1fc37bf84fc85fcc5044ed192e06fa1a6c0ce1384792d59a,276
12_3.jpg,12_3.provenance.json,05e66db4f2de0beca27da8a0af03a910b981d2d0b690ae6e74249b46d7020b8b,276
12_4.jpg,12_4.provenance.json,c9db7cd62398d75b35643ca0ec91a3d25fef8dc7fd55a774467cc5ea8007c2d4,276
13_0.jpg,13_0.provenance.json,98654eba34198d9ccec41478aa3d3be0d75924c4c5265044cbe2573a92bcc9a1,276
13_1.jpg,13_1.provenance.json,4b644783a881d1643384b9c014fd16be8b0a7d4782958f71b89870c2ad504d90,276
14_0.jpg,14_0.provenance.json,fe7a39ffb0efd50edb5b05811d05f7ca4f9acf2b0d9da17bdde2dbf280503504,276
14_1.jpg,14_1.provenance.json,6a263e5f6455bf595377bbc4780670e294f824ec8386e1fc0521209e31a29af8,276
15_0.jpg,15_0.provenance.json,14d49735f20c972b95b235617a8c68e3e1ac9b5c631f71a412281b3b10edd50d,276
16_0.jpg,16_0.provenance.json,1cfdd825338f6b9c447d834e1d52178086f17f7c6608e7bfbe0c1dd4feab8c2b,276
16_1.jpg,16_1.provenance.json,019523361a866221fe9444cde698d537d5a6f0b4d7fee9f82cc7fb14696384f1,276
16_2.jpg,16_2.provenance.json,b0192d80c1635179b4867127b30d30072de4897e77687bbb6ad39e4ae7dd649c,276
16_3.jpg,16_3.provenance.json,622fe5df75d8679152eed8056771ec2469c5af495ba6b3c9a9915499de49afb9,276
16_4.jpg,16_4.provenance.json,8e623a07697b0d69f8aa789828cd158f69faf9868d15401352aa7f7cfe03454b,276
17_0.jpg,17_0.provenance.json,72f0f2fd6c1390216419a490f1bac070a9c73b417034328282da62e0ea4f2ca7,276
17_1.jpg,17_1.provenance.json,afc8c340b518e3464506e81fe374cdb77cec7ccf4e7322e3b62302a3675f0d67,276
17_2.jpg,17_2.provenance.json,8f7216f260324794741da9d351a686e898f03c204f196f5d5eb9f7bac700a9b5,276
17_3.jpg,17_3.provenance.json,6e33ab9823351733f7933f8fbae1fd91bd99a99204a444b46d8adbc1af22e8eb,276
17_4.jpg,17_4.provenance.json,65ca36599e6d969d33dfb6ea3ec5853b9571d4d28bff66d6ea5615f1e52bddb5,276
17_5.jpg,17_5.provenance.json,ca7d8cc3baf4760a9a04572b264fed376a9e60c54299a07068bbecbdc036d32a,276
18_0.jpg,18_0.provenance.json,fc4abf760d02e46cdf9fc51aab5776105009f9c76a13275c2e73e7ee2d5cb264,276
18_1.jpg,18_1.provenance.json,0218ec113894fedd74be5f492c7129e2126dfbaae689db998caab545a82aecc8,276
18_2.jpg,18_2.provenance.json,7ed3601d50e60d1de0ae5c83300a089a2ff18b304acd3ba7a359a61ca9d22d12,276
18_3.jpg,18_3.provenance.json,e522177588a1476c378b146ec9b9de64903eb414a99036bc690a1eb95dd6bd2c,276
18_4.jpg,18_4.provenance.json,999772a33f3eb6409825ac0eabd8241418570867765ece653fad5b4efc0ef522,276
19_0.jpg,19_0.provenance.json,35480cb14a125b93daa5bf4025504f504c59e99e0aea9af92faf30e5b786a49c,276
20_0.jpg,20_0.provenance.json,75067708118b44ef6238006a2b6dc8cc943616432aff3224beabecc4ff40d915,276
20_1.jpg,20_1.provenance.json,5903e3fb84d891c971d9c1e971d6ba34f640e781e853dfc63975bd93bd9f8134,276
21_0.jpg,21_0.provenance.json,dc4ab3addb90bcb8784fc0a5b533643b185aeeb020022dba828d099cd1669755,276
21_1.jpg,21_1.provenance.json,9cc0c1a1dacabf12ea2981c2967cfbcbbd6b7354a52a1b4f3579f8bca3b6c174,276
22_0.jpg,22_0.provenance.json,db6935a337a202136524abb7c3f70f19a5242558ead6b473ad6f96f3932527ed,276
22_1.jpg,22_1.provenance.json,e4d9ae39656b986aded9fa879f250886267f547bf4b55c2450ddd8e68d6a145c,276
23_0.jpg,23_0.provenance.json,59e9cbb71dc955ab319d0bc4980864c0a4f41cc3589761fdf916d062fa810dbe,276
23_1.jpg,23_1.provenance.json,09c550d62bab740bece89f318c00d7e6f8cb9556207a441b44386a56d337d981,276
24_0.jpg,24_0.provenance.json,cdb0db0aa0d633aa6ba0abb12fb8937a8b1575406cb16b4a7601d5649f78c89f,276
25_0.jpg,25_0.provenance.json,8ba8086b1ef12168bfcfee0ec506e9bd5928af66f5779eaf8b1b0417f91577f8,276
25_1.jpg,25_1.provenance.json,6764ed3a010e67488c0fa56cadcc7fd273c5c82d935b52475d1349feac210cb4,276
26_0.jpg,26_0.provenance.json,7bf172416389cb67db92deb9d88698c6d008a58c687fb2ff06557eb6840f95d2,276
26_1.jpg,26_1.provenance.json,55f79296190e2b7d96bbe49e54f7987059f1bb94d86c6bf06becd110cb4f1064,276
27_0.jpg,27_0.provenance.json,9d5e0e1f1a847c4f83c10d92d1a6126405297c70d449f3976750e5979fbfb1a2,276
27_1.jpg,27_1.provenance.json,fa898b4a3d4ed71a762422fb86841a64edf3feb333af2c99a2ab6e50c5d7e164,276
28_0.jpg,28_0.provenance.json,8ec6a7ad444d5ffaf62eb15c3957213818bb7c6ec283f7b352deec328ef142e5,276
28_1.jpg,28_1.provenance.json,90c2c030df1ab05a1b40faa22a5130677b4a80ba5f23b92095bed2966ea9609b,276
28_2.jpg,28_2.provenance.json,0175018c382f9d52155eb673c57f79513f983958695d758584344891e0969bc7,276
28_3.jpg,28_3.provenance.json,38d42c503b57853bc5bd32203f59a7c9b917c37b4052953791d6e6d8d65132a8,276
29_0.jpg,29_0.provenance.json,5089ddd9d221e02cfe44e7c7168515624d27767ef8d6bd1c5b511975b11d7fda,276
29_1.jpg,29_1.provenance.json,471e18c9e6ce66a5295494c02d2cefeb29d02df112a13af35c787b1635649801,276
29_2.jpg,29_2.provenance.json,94785783a02b5d62b70b3c92e6454424e82d47a75b4706114a6c372950e0e9d4,276
30_0.jpg,30_0.provenance.json,8903c807319126cfbfb0fe64081b01956231c7a63fc0e1f890de3066ff7eaeed,276
31_0.jpg,31_0.provenance.json,d94548f596664cf07230af2d917374d9aca082152d514ec6f1b9f58fe314b455,276
31_1.jpg,31_1.provenance.json,17bad5b6c83ef177544c518e307f7fd834f2f2bb64685e7459412148b214d31b,276
31_2.jpg,31_2.provenance.json,4574e54d1f19d94dca6e7b314257e7a257dd2bdf945c121cfa597b3597d20c31,276
31_3.jpg,31_3.provenance.json,5cb5fd39fd148da946fced942ffa8505b1b477579243d029ce62032dea1d3378,276
31_4.jpg,31_4.provenance.json,faeeb0fb4123c28574645c9f5a258ce3df329d1ea9ad212a59793e24ea9b1711,276
31_5.jpg,31_5.provenance.json,ffc9713e61a063f4e4d5ca5849da4da74c4ac4e8580c9cdc81e74d6783cd4d18,276
31_6.jpg,31_6.provenance.json,e7fa4625d67894abeabb2a5fe49931db83c38f1bb621407a613b3332a1fb6ae2,276
32_0.jpg,32_0.provenance.json,e80fec84ac378bee7c08d56b7fdf451183caefb65184050d906e8c5aa201f514,276
32_1.jpg,32_1.provenance.json,0905f92f803dbdfc0462bd0d50d0c3ad25d68abd8db910b6a01f157453c700b2,276
32_2.jpg,32_2.provenance.json,ee65ad67d77451bab8b1c339b8c4ab7d8625976d72a75243542ff173379b115f,276
33_0.jpg,33_0.provenance.json,0b5f51f1de63a6ee75bace21748af06f515a98f5cfc877412fd9d4af05a6106b,276
33_1.jpg,33_1.provenance.json,a29667ba8bd87498b473f676470b8f5bf80c983431e9ab5a4110bd59ed0c46bc,276
34_0.jpg,34_0.provenance.json,14a46322073daacaa2add2a4919c669f4f9539e30036b71779efac52bf1eac9e,276
34_1.jpg,34_1.provenance.json,b80e3264c97014f0654ac864c40f3e3ff50fca9bc8680b4766acc2d8f10e9f51,276
34_2.jpg,34_2.provenance.json,1099fcdfbe13ba81d4db802130e1aabadd900c9d78096d0e08d668e70083391d,276
34_3.jpg,34_3.provenance.json,ec8093a98687ad9d0b264ca86ad311616685aab04767e3e0fc3abd123afa57a0,276
35_0.jpg,35_0.provenance.json,7d2d1b06a3839dd28fb47c64328a002e07271e1db420d46919c3510428d85cc1,276
35_1.jpg,35_1.provenance.json,6cb74d1ff7ccc4f0d4daa5d0550bff03ce0bc119eaf035551540c69a112823de,276
36_0.jpg,36_0.provenance.json,19eeb1642ea8dab0c60eb192fea654717e1a50f069e3a100983836c6958023dd,276
36_1.jpg,36_1.provenance.json,4aa28637941aa0a5c898de3748f5116e794c06de8ec4c44121288040bc29add0,276
36_2.jpg,36_2.provenance.json,0df5b2da178b25f0281a40aedc2634d203012a5158d386e8d725403613ee93a3,276
36_3.jpg,36_3.provenance.json,10c89b9646fc1577f67a1c886a85ad6dbd9494385433e837e04f0eb34eea93ef,276
36_4.jpg,36_4.provenance.json,a8e59e1c53926fc2ac863abdd9e42d4e388e3729036bd3aa6afc026bbecd33a2,276
36_5.jpg,36_5.provenance.json,0e0781c54dbf4b98e964e0ca4e7c30423e21873fca02999d4e13870736579d06,276
36_6.jpg,36_6.provenance.json,dbc63749980511dba348458adc967a620bb8ebaed6a7869a07b22d8b2281b50a,276
36_7.jpg,36_7.provenance.json,c84fcf0e06f7ad077f33264d475386355bf8cda13351173011a6d6cf7e6de8da,276
36_8.jpg,36_8.provenance.json,ba03f2f5729f5116c8def8b09b9b6c82bcbbdcfe092b61c4e152683e8e33e222,276
36_9.jpg,36_9.provenance.json,1038575ce24951b68a1c5844bc6a387b7b45bdb26d62f9d3d03e96452cad54b7,276
36_10.jpg,36_10.provenance.json,a28c5fa3f41fff78a4da2e6c439ae6e28dca3b4a68291b81def070270e265886,277
36_11.jpg,36_11.provenance.json,e6e309a725d5b743996e8ac435e140e9b56256f8ad5a995e26fb7b8ea24f2f0a,277
37_0.jpg,37_0.provenance.json,773cc3ebfdedb7effbfc5f45bf65aecb7fef48d3672c3292fae911ecf501355a,276
38_0.jpg,38_0.provenance.json,779d9cc72cf3b302631cd6aeb046f0df34a65ed3362f4c45769aa49eb7f1a42c,276
39_0.jpg,39_0.provenance.json,f24428a4790bbbe3b897c210115b33ecb1fa0f5d97eb6dbe7d326d8925e08f4e,276
39_1.jpg,39_1.provenance.json,f7ff0923fdc2a15f93c3ab862f007b0e7728d32c44b6ea0ecc2509601477be83,276
39_2.jpg,39_2.provenance.json,e033ec8bf82eea4375c8c3514148120103d52e29d387e46fb688371ab7e9f253,276
39_3.jpg,39_3.provenance.json,0dded843e6b28734003587769758c7fac0dcafa802d1383e9b1de70e5d2d748e,276
40_0.jpg,40_0.provenance.json,37d08fc19256e87a4f1d31a941175aced2d5fece5ff415f705b92b17d5c6f98a,276
40_1.jpg,40_1.provenance.json,15e6063966c8305e0d378967bdc80a3fea1191f96e75853ba61d1abd4fde761b,276
41_0.jpg,41_0.provenance.json,a60b257ccfcf5bb99535589463b545dedef3b7d82cb3320a82873da9df1c9df3,276
42_0.jpg,42_0.provenance.json,c9b1f0b3d05daa23c660bc769f6f25e0d51a21d6ad02ce74ab6695f5af523844,276
42_1.jpg,42_1.provenance.json,06bd85a7b76a2ad43f2205722c657694089077daaab816807ea5e2ab686d4cc9,276
42_2.jpg,42_2.provenance.json,3b88b942fb159b99c236fe7a2add05ec9ecbd75e93a56f5d386f8924089d9a99,276
42_3.jpg,42_3.provenance.json,bde8e1dfe09fa78728a45690f0f071f86a2d962e7e0620610a56c02b4f08cb9e,276
43_0.jpg,43_0.provenance.json,c69071a4c585207352342b8a2fada32e5e52e1d93b85e9c90a36839e4747a7cd,276
43_1.jpg,43_1.provenance.json,e3fb5ea45739899264d2e03b23d3544cd06efde9fdb8ce41b5e7a3a19b5f06b5,276
43_2.jpg,43_2.provenance.json,937abfa2bbade9349bdc3b30fe0eb7e16ef516987c84beb0e645f0861b191de3,276
43_3.jpg,43_3.provenance.json,93f0cb9e74d04c21e090ca0f8dc0e3e35c25fc6068e1127884f0e8ee61608c1a,276
44_0.jpg,44_0.provenance.json,6f187481cdb41368d0c1d9cae824eddcdb8e910db3e8ddc28d67f448261fc1f0,276
44_1.jpg,44_1.provenance.json,02d717ded7d0f6354b2cf09e7896deb8e6fa3a8ae2aff653a79f864bb4a1d502,276
44_2.jpg,44_2.provenance.json,7b3bb1c74de4f5d6acb2dee3cfdbe91c1a2b0b11983cde5be1780adc033a4360,276
44_3.jpg,44_3.provenance.json,928b65c829972cfd3e9e396141ee7c4c217a28c35c6149b82c802504cced2d7f,276
44_4.jpg,44_4.provenance.json,d60f241855fd0cdc78d673deeeeaaadb21ffbdaea2fdcfb7824f52fe6cf2c591,276
44_5.jpg,44_5.provenance.json,b109f775b07e995a9fe5b954bbae6219beaeb99895340d5c7e7ed1cc6255b9e3,276
44_6.jpg,44_6.provenance.json,be91a18be8a79cefd93dda4ae758124bcb0f1ec49309beeaaf15a1115500884f,276
45_0.jpg,45_0.provenance.json,33c150542632fbaf770c1bbfb32ec27ccdd37dd5b38f7fb21928a711cb552469,276
46_0.jpg,46_0.provenance.json,a353ebb5057333537adeefaa84c261caba8f4bcdec9fa0f3911586a377248b55,276
46_1.jpg,46_1.provenance.json,bf8aef0c40749eb97f1a20cf05099be16ce183fff9e56a0282959c2b21e4007b,276
47_0.jpg,47_0.provenance.json,bbcd65504e9b5ce4bed42d1591eef566714817a388b995e49547c2256487e6eb,276
47_1.jpg,47_1.provenance.json,ef5696fc5adf00591eb630173cfd28f7ce0bec8f7c6b772c903af20cc40796c1,276
47_2.jpg,47_2.provenance.json,8f7552e9f6849dd0bf20f41970d164f9aa0796d4ef1de35e23a7fc3545caf93a,276
47_3.jpg,47_3.provenance.json,dbc9919db171edf5c0b9d88b509be314e9eda001104546f45006b77298b16e45,276
47_4.jpg,47_4.provenance.json,eabd3e49b50c9641dda56d1b12628895c33b0635458804b233dc23ef5fb7eb15,276
47_5.jpg,47_5.provenance.json,7c2c43d8e171e65051169c05ecef7f8d046c4868437f41752f1d6c37fa146b58,276
47_6.jpg,47_6.provenance.json,1f15168c2f47f112ac8221394ae2c4612f7e5b5fe7a9494679ff9b266d73c6b3,276
47_7.jpg,47_7.provenance.json,d57c6b79aea914770449ffa0f4348d87fe3d4016beb83424ea097302285101c2,276
48_0.jpg,48_0.provenance.json,f746b98ff57b5e1d9237fd95361cc4d00fba6d0fbc2941b839f186247a628c65,276
49_0.jpg,49_0.provenance.json,d14c97d5f0ec58cf5960ec03609a36447e4b7e743c94614b67c4bf69307776d6,276
49_1.jpg,49_1.provenance.json,d7fa740e20861eca7a18e15c6c9b6c0d8e347515decd2cca1e0fc12a4520b107,276
50_0.jpg,50_0.provenance.json,239aa98fa94fd79edf082005278493c233014a760b2aab76dcd75bd7c7c15a97,276
50_1.jpg,50_1.provenance.json,326cd736c95ba38b12c2c886e0c679c5da1f884ea3a19a28bcd829e563ca6eb0,276
50_2.jpg,50_2.provenance.json,572b7a0b80061e044990ef8c0a5a956418e583cf4361516046ab127deb0cbeaf,276
51_0.jpg,51_0.provenance.json,a9e8de7ad94955962f803a700401e3f0f03d3af7e5b552ec1e81b9b74d7b66cb,276
52_0.jpg,52_0.provenance.json,92c9c7b4304bdaf2796b801a47999c3ad991b0e2dd1b0eedb9431628c4ee3100,276
52_1.jpg,52_1.provenance.json,8870d0b53919789b35dd5101290fdc2e289ed022af972c7629eca6b3859bbc7a,276
53_0.jpg,53_0.provenance.json,63d296b04c1ab53c2aabba5277e0d0c10926e7a84b6bbbbed475ac5a911a289b,276
53_1.jpg,53_1.provenance.json,138dce3b4e3a2cd0a0d0cd381a97bef58d1cc3e8dfb5fab4914180b3b764994d,276
53_2.jpg,53_2.provenance.json,ab9a5828bfcc52722e649fdebb5bd9a712c142bc6924bebcb2087b407fce826f,276
53_3.jpg,53_3.provenance.json,e56fe61b901436890f3c65ce145c61f287e154566168676e6cbf0fe59faf58bc,276
53_4.jpg,53_4.provenance.json,aed73eb1615cc3c9691c233b18a67e8a96631ce7f77574fc8c3e70809cd4dca4,276
54_0.jpg,54_0.provenance.json,ff7b9bde65c8931d7e455002bb7b4c3809c61290e8a99082f6457398a7e7c1ce,276
54_1.jpg,54_1.provenance.json,37245cd198dc498cdc4024925f27fcc80ef7a9397a458bcecb75f5a766ccd62a,276
54_2.jpg,54_2.provenance.json,688408249f2f9da7195a23ef8b1642ccad12aabd5445d86789963e21ff3cd118,276
54_3.jpg,54_3.provenance.json,a50cba50582a38231de24d555e0f680094a3e346aa66bce5532cd24a2e256039,276
55_0.jpg,55_0.provenance.json,06232b6182bad2401c18fa776fe8d96c05106e1eca644e50e67128ef03f3903d,276
55_1.jpg,55_1.provenance.json,9cbabe045232a5ffd6624b145767e7ad262b28a083c0975001afde3ffc9dd98d,276
55_2.jpg,55_2.provenance.json,46ed02c4a2ca199b4acc6de7392bf92fd4422797eb04137a5fc9f003d466ef8d,276
55_3.jpg,55_3.provenance.json,0bdc245f0db837069704bee659465e81282bad9cf9137eb1ec0caf5cf63df2b4,276
55_4.jpg,55_4.provenance.json,ec72e3192d678fe3164beee053cdcacd62a73a080a329d9397d65e644e862e35,276
56_0.jpg,56_0.provenance.json,d694d5219f453c40a34b799e84306f92e3db1be9f72f5a74fe16621df253f889,276
56_1.jpg,56_1.provenance.json,a462ed4d9040f023f5314a80b71e1d9aa15b8ac4431169113d5338d095ab134f,276
56_2.jpg,56_2.provenance.json,697a2ad34fbef0386a1ac1c51446cf654a81b3a72e6a0c4250384f9ca751d25d,276
56_3.jpg,56_3.provenance.json,615c5c36836b62a2640b8d9b88cf00aba36b9e0c93b8c7158b72709184ef6708,276
57_0.jpg,57_0.provenance.json,d4cc657ad1a172108a0ffbfc695e21574290d73971606c5fe33bc1b789bc9b3b,276
57_1.jpg,57_1.provenance.json,bff4d186d3293a9a50a20309e7b474389a8af62c21b20fba9a719c3cc5617650,276
57_2.jpg,57_2.provenance.json,06b2b2d28201f02ac6633cd22c9fd4df6baf0402f6eaafbf82468a290941227a,276
58_0.jpg,58_0.provenance.json,52d57fe484bb78a8b0e4e6e80f4246169f9078ddd8f5bb014661ab46b958c5c9,276
58_1.jpg,58_1.provenance.json,0b6db7b8a2da2bb8eef6f27a1cf12cbb1a58e007f2ed0ea5190887139685b33c,276
58_2.jpg,58_2.provenance.json,bd424eb9f719a0912eb9e9083ffe343e070c7683d04f76e21172c88d0a675181,276
59_0.jpg,59_0.provenance.json,f75acb2cfceb20589134eeda4550d9367500fe80f514f8dca183166d36d83f52,276
59_1.jpg,59_1.provenance.json,c5a3a5982f22dfa3038d605000e3c35439054ae7ae491dd982df763ffbaf91c1,276
60_0.jpg,60_0.provenance.json,7fa6e61f8fbd863581290d2c53f7ddbba76ba7586bd3de6649e13e31c3ba9f8b,276
61_0.jpg,61_0.provenance.json,b99dc1cbeb649254686942685accba397794a9904a6eac7b4d4d77812c6cc3e1,276
61_1.jpg,61_1.provenance.json,0aa607d2675ac0ff5fc88448ac5b9fe5debd95124dd9225e46d8e14406135631,276
61_2.jpg,61_2.provenance.json,ea77b64c91aced0be5100aa56d4ddf13419175037b73eb973d1904ac9fbd226a,276
61_3.jpg,61_3.provenance.json,f2ce4cf7d998e7875509147332145230e811ba3dba14438dc42fe46891b6d9f2,276
61_4.jpg,61_4.provenance.json,699d96477bc0ec7e6a9963592ba789d54260c0ba2966872b19e85439bf9b26cf,276
62_0.jpg,62_0.provenance.json,8a9a8e2a0bff04ce182b9cef6e5a008d54a98b72278388a01b9263b70bb9faee,276
62_1.jpg,62_1.provenance.json,bdb99865338eee6828748a3079d6e6667670069a4ffe92f8e09d47cc13b8565d,276
62_2.jpg,62_2.provenance.json,3b1ca7a70ddde81a47590d0eb8cd331610831aee96f58217e400a6338b8eaf9a,276
62_3.jpg,62_3.provenance.json,a5fcfad9349243eb9c8fef52a8820a8046e9ec1820dc92f6b4b61b5acd4bd48c,276
62_4.jpg,62_4.provenance.json,6c939c01ce056d05fcc4d0db00f36951a7d9320767554ded7e59bd3788bfd408,276
62_5.jpg,62_5.provenance.json,266184442fdb0675cf5aa01cb6e0b6d5eef1228500f0b7e62c06ebae7f844e1c,276
63_0.jpg,63_0.provenance.json,a89d6be486b1a530ba3ed4356719654532f94bbaa23ae0269416590c6d1a3e07,276
63_1.jpg,63_1.provenance.json,cc7594a2fda807b5e3a62690b06b901828fc8eefd6303dedaaed70a65339bf78,276
63_2.jpg,63_2.provenance.json,6ffe250cddf44eec228127d19cdc87a9189c99d27f4f77983906f63a52d06a32,276
63_3.jpg,63_3.provenance.json,3a128058f769acf5e3359652a36e000af0f53c73c5051d7400478e0487376c91,276
63_4.jpg,63_4.provenance.json,73f79abb51eb24b9a561f819739217f524851a44ad7ca107d85cf52ea309952a,276
63_5.jpg,63_5.provenance.json,c588c28b41dd2dfd97c714fa797664314a9b46216a9d47fa11e20716ab02e315,276
63_6.jpg,63_6.provenance.json,e8cf6cd60bfeedddb30901aac264d9585e23dc8c43e1aa98a22158cbcaaa18c0,276
64_0.jpg,64_0.provenance.json,fcff74ebcb29bd8646843bed761e03ff4f1791c58f85d1f50d84c3e4e937f92c,276
64_1.jpg,64_1.provenance.json,dd5be23a7c27acf26ce6f9f1a1e78f6d37caa95b61ae7f70746cc307521f2ced,276
64_2.jpg,64_2.provenance.json,04e2ec532d5d9f03425b38b86d3e0daf8cbad2a9ac63dbebe6b80ee332c06a1e,276
64_3.jpg,64_3.provenance.json,874a5d8ac476781f618cd7ba56271afe5d33e63bb0bdf876d6b18f02f81a92d1,276
64_4.jpg,64_4.provenance.json,d43a995f9ee17f64c9d11243aae0e808fbe28490fcccbfdfeece883cce0d3631,276
65_0.jpg,65_0.provenance.json,78a441090943f4491ba4852c8ec7c04999f9e7a16c2236c5ca831266886de6d7,276
65_1.jpg,65_1.provenance.json,15dcee03b09ae212c694e3604ef9449295feb8649c073faf4b954218d888ff9d,276
65_2.jpg,65_2.provenance.json,2c2ae5a962d8b2dd26813fb0771322f36814e14c4027d09fdc4c9888decf55e7,276
65_3.jpg,65_3.provenance.json,b8b215ef165510d18bbd07600d7d9c7f1bef3354d1ec5cd554364b716185c266,276
65_4.jpg,65_4.provenance.json,d9e3be6cfc708dd061eb01244d7a789dab205c7e162b81e9350ca3a984fc67fb,276
65_5.jpg,65_5.provenance.json,a7f84abc3cd7c71818b22b2f5a3630e8fa2716b83f95f31b5211685c77d8dec4,276
65_6.jpg,65_6.provenance.json,76c2a7ae82c70f598137eec044a5e3750d56e817edf2ee23a85c8e491b2188bb,276
65_7.jpg,65_7.provenance.json,3cfd4faddbba2e1e8816b02a7e4843e8aa46296dab7cba6f776cd4035e47655a,276
66_0.jpg,66_0.provenance.json,6c74b324e4f5823326c20bc66d72854c09caf7503da7c59239a39dbe4bec6146,276
66_1.jpg,66_1.provenance.json,06994b73d4c37a0bb6f90985bea19dfbacc593bb40c53f785e73e4101240c6ba,276
66_2.jpg,66_2.provenance.json,36035351a012bcd93c0c59653b75ac4e232b9bd8e7eab2a31f6b5a8e90275444,276
66_3.jpg,66_3.provenance.json,6d4f0e270dd815a683108e4111d74e18a16e286da13f3e2d6cd5e337b18f501c,276
66_4.jpg,66_4.provenance.json,b41aef2a0bbf29a8b2b5acaab69ddb688e532bd7dc2e513fbc33f994e3aab801,276
66_5.jpg,66_5.provenance.json,097c908ca5da1d8d89ae94853a797d45e64f674678c2c6f99d7ff2deb6cddf28,276
67_0.jpg,67_0.provenance.json,f12a3566235b17fe3242f81ffcd390f7cb859fe70b4dff8a40e0e53aa389d619,276
68_0.jpg,68_0.provenance.json,9ab5b7191ce41cc5535ff31963f3ca6049d7ae8d58cdc09b1e7dd920f437ac60,276
68_1.jpg,68_1.provenance.json,66fb4a96053b5cba423f5aa3b2a743163b3a123b7786e2d1d4517ccd65dff889,276
69_0.jpg,69_0.provenance.json,96837d33a02a169899cb460b7f3bd540dfbdeb395bcd4ab71decdc5ed94965c9,276
69_1.jpg,69_1.provenance.json,ddfce43b4e415bb3a72e8efd8eff7894574a7cc41f7cc6b26e912310edea7c0a,276
70_0.jpg,70_0.provenance.json,a7ce4d20b121fd99d4ccef34046b393123dc928e6791b4a8265ac9ac66e0f28e,276
70_1.jpg,70_1.provenance.json,f9c6a19e1016321a3d5260ed59b851a1f10113f25b78b71889e524652e0ad5b3,276
70_2.jpg,70_2.provenance.json,a41c4f1b13122fec2f9b81f6571b4e90c431379e1fbe319e7454cb434351c513,276
71_0.jpg,71_0.provenance.json,67b636b56b56a33cc172bbbbf443b32b2787f0e59e9abb62e360f65f85090ecc,276
71_1.jpg,71_1.provenance.json,2cabf32c94a76047d1e3d6e98e95c70aed5d1b2540467836a73ac401a64dde00,276
72_0.jpg,72_0.provenance.json,2127e56206a68f28b3f55c61240042cd7b397653644b274c20924597be756ae9,276
72_1.jpg,72_1.provenance.json,7bc52c7bb0b779b521a4aedb3ed97d60eabbc6ff74dd61791d81d3cfc78c30b1,276
72_2.jpg,72_2.provenance.json,eaa8f8fc309086084ee2d68019d608986c22d325e9f764b66f025f8925738e2b,276
72_3.jpg,72_3.provenance.json,654eef7cdf54d50c4223c283f9ea7595f28fe9541be2a2e3735bfa6961da8ac6,276
73_0.jpg,73_0.provenance.json,f63135c6c6d75a458caf4da65bd9633ec6fc259b779cbfa516d78f73e3740dd2,276
73_1.jpg,73_1.provenance.json,f5af158114c6b6ee63fc23f1ee83d676af7721b87147f6ba53e295bd3d4d57fd,276
73_2.jpg,73_2.provenance.json,a2ed223890dbd9fa776bd5704dec068b41c99fc59ffe1fbb4cb939ab52918d09,276
73_3.jpg,73_3.provenance.json,f440f74d575c79425705c0028be62edea77237aa0d6a39204054bc22939e7c8c,276
74_0.jpg,74_0.provenance.json,27554cb2d137d6e39a8cf37480a15dc001af7b0a06e9183160f34183e97bd150,276
74_1.jpg,74_1.provenance.json,8bfc539501102ca3294e7faf2de5782a9e51d349f92227c50182c545fb5b36ca,276
75_0.jpg,75_0.provenance.json,a0648f1fd80c982f397fb102fa46e7051575fe8a27f2136e1e9a4526017db283,276
75_1.jpg,75_1.provenance.json,9fa8bcffc4405bd92d52d4bd4b8f1f1883d668a4f914ca7d9d94c729d62b8e67,276
75_2.jpg,75_2.provenance.json,189dfa278a31fecc7a9c8b257cbd40f63a6681af6e1fde90b7f0ae2558df7a63,276
76_0.jpg,76_0.provenance.json,38edc6713df605725df8cc035f44cd95c67a51b9ce04265e29d8980d38478bfe,276
76_1.jpg,76_1.provenance.json,3bcf32c08b98b2e2508ffc790681e6f8ca0d6790c615c6da57ba212c06e64093,276
77_0.jpg,77_0.provenance.json,2e71c00a4c91386408867018b7128b094e490e165024fcd2e1b35c36bf676b78,276
77_1.jpg,77_1.provenance.json,8dcbf336e8488b848c8d1651bff5611300cb167e86ef281a710b36a834f86b64,276
77_2.jpg,77_2.provenance.json,d331304ee65aed391901dbb3fa4f0863e0540c216e66202152b2eb23399b27af,276
77_3.jpg,77_3.provenance.json,4753d4206bb2b3f02ffdee2be38c4bcb1465e02d745a85d69f16d9444774ef9a,276
78_0.jpg,78_0.provenance.json,81edf690e0ca7f42df1efb0c9758418fbab2b26a7e3405e79cef85c9dc98e5f1,276
78_1.jpg,78_1.provenance.json,3898494187eefa32fa3d307c594a0a9f25c0728e911a71fabaf7ff3edc6ad6b6,276
79_0.jpg,79_0.provenance.json,85b9766c24a5a3f0fdc9d832367d707e1179f87db12ca36948b72b508a5e19f5,276
79_1.jpg,79_1.provenance.json,5d089ccd68f7a735cfa0e27d52a30392c036f14630582d8165f09497226a4515,276
80_0.jpg,80_0.provenance.json,e713fd2107922ef31cbe5951df2a52bbbfdd1419f50be24f3759465f5adb883f,276
80_1.jpg,80_1.provenance.json,1840c0d6983a595fe8a469594994e8d265752c25d9c67470b65e9650224402ec,276
80_2.jpg,80_2.provenance.json,09705aaec3d2a691df19bb59ef8756544c0feea851d617f20c95e8b149e7108e,276
81_0.jpg,81_0.provenance.json,f5ef629727d299c0e77bb16a02f0e70275c0eab615c961ab5815c3fddfbb2ec1,276
81_1.jpg,81_1.provenance.json,4f92d506fa6cdabec4d35bf4a82ed26feea394a2e38d834c1e26b4e0f59baff5,276
81_2.jpg,81_2.provenance.json,956b367f2a2d18122578628238f0d2ee87deef1227d9ffa566781a7612d40494,276
82_0.jpg,82_0.provenance.json,70205061cbc5f6516d10548184429633a1cde19882ae83b5c264e4e1abb283ab,276
82_1.jpg,82_1.provenance.json,652d88bcad6f1f842c2e6f53abf076130e0da32b6fd9526010b4bf6ebe08795e,276
83_0.jpg,83_0.provenance.json,ea6c0b8122e5b658fb59e9d196f787cf82f22541b2ae1549471ab4ef5164f875,276
83_1.jpg,83_1.provenance.json,9eae21ede3a24200e87bb6a3c23e590ce22546a55ae0223ba809f3eabbf7bb4a,276
84_0.jpg,84_0.provenance.json,4ca68c0375cc0af27c15ec4c40ec0147ede4162097ca8c09dcdf6f1995826c64,276
84_1.jpg,84_1.provenance.json,adb3392eb2422623e5d417a5cffc7fccf3d5ca86d9aab58ac061fa8b5fff9235,276
85_0.jpg,85_0.provenance.json,10d93627472e045c207560ea486729a1d41773e8b2f3f7f13172cf0b95645371,276
86_0.jpg,86_0.provenance.json,82d457662336d8c5be9e187c19ca1fe70824f24d2a94c16b15e8f5b95c821cc4,276
86_1.jpg,86_1.provenance.json,6792ee8ba34e196eed968ac8afc166c11a4f8813e2e02f0aa58dbe4b1ceaf79a,276
87_0.jpg,87_0.provenance.json,755f85fe87569079281431c78da95c2a2c890c318f72e1fada08cd49f62e88b9,276
87_1.jpg,87_1.provenance.json,9843f32ebc750887b24e474a7179725c0d95bb8e51623f50a0f392cf57ea5268,276
87_2.jpg,87_2.provenance.json,28f7467975ae1e8804710673f687c114d517bdc3120152867ac8dd8b1a268545,276
87_3.jpg,87_3.provenance.json,fd1339c37c682276bff8ab4332f89ac3e6350c62fef8afac77c744893fd4f4c4,276
87_4.jpg,87_4.provenance.json,45f14f1aa573aa2ee98048984f7231282da91a9d9c68c4e22ae1550c12382766,276
87_5.jpg,87_5.provenance.json,57773d7a35b4506db02aae6b5d0148788ee8ca095072d54892980831f9d26825,276
87_6.jpg,87_6.provenance.json,98d98547eaafdca3cc73a18e7663ff31c214f2cdeb817db7e1c7ec547d032d2c,276
88_0.jpg,88_0.provenance.json,9d781cc9ccc7f97169d0a2a1df299dafdbd28e4a07732de6857d97cca589937a,276
89_0.jpg,89_0.provenance.json,87e16c55f4fd074d90722c1bf54dd1bef6c45042452df3450201ff651fa49ba6,276
90_0.jpg,90_0.provenance.json,43f4987cb01bc1228b1e2911a60e481bf9138808bedd7f57807e0133cdcec5e9,276
91_0.jpg,91_0.provenance.json,a3b2591e49aee5bba3c1a2ff741672896406db3baa20a5045b171d812e447286,276
91_1.jpg,91_1.provenance.json,00ec4a13781fbb7cc902e0290968ba4e047c954aeb55706c5837d0ab6718642b,276
91_2.jpg,91_2.provenance.json,1d7e942262123e3952627b0422d5210753e6f89b7fb8e33e4701ff7538115f06,276
91_3.jpg,91_3.provenance.json,6396ac51c01319bd98710683bc662d4aae433d33958bc9fd69c113046a596570,276
91_4.jpg,91_4.provenance.json,a6954bf2ddb064b6ea4f7314c3487b08a2f20e0be91adf52b7d13bd3d490ac74,276
91_5.jpg,91_5.provenance.json,2c663c7412da2afe91bf724a103badc24e9e9ad882aa6995887f85856018699a,276
91_6.jpg,91_6.provenance.json,5e431274811b18038131a66eecbbb94c196c6c0793873f8e4d10a0ea08bc9035,276
91_7.jpg,91_7.provenance.json,41caaef92631229cecabeb0d6d6dd03a3149950407c7178dff2fddadc251fa55,276
92_0.jpg,92_0.provenance.json,df89383aeaeba862bbeab2ea4974dafa8cc6aa9b09b0c32b6ec95d87b5c11130,276
92_1.jpg,92_1.provenance.json,4e3ab128fa9ce590476fa5304f16f6bad62606143976f1282e4c4d9a060d6ce8,276
93_0.jpg,93_0.provenance.json,35cc1c09c25302adf30ac272065ec6ee32ec5a4a316ddef39409fbe00a41eb64,276
93_1.jpg,93_1.provenance.json,456f7e5924209d079714f09872b6973147329331c235a6300d9d2556648975a3,276
94_0.jpg,94_0.provenance.json,ee437114fee866f70676e16fa7178bfd2ca7d1cd65a377beebf02b0b741784af,276
94_1.jpg,94_1.provenance.json,03758591cda53a78005b259ab31dc413fca63877c4b6f047b2b727a51ca263c0,276
94_2.jpg,94_2.provenance.json,a5867f06ac3709fafa6e4763ad52fedbfd0f51bbb5b0629bd7515151d3dd77a9,276
94_3.jpg,94_3.provenance.json,88fc2d3f92df16a3b727d4d9e6a7aaa4fd6428881f107758d48d9479a3c13792,276
95_0.jpg,95_0.provenance.json,61ddded604623f8b7e846b6fdf70b21dbe57ee83ad6c960340efdad7dcfe9295,276
95_1.jpg,95_1.provenance.json,5023b9106980674cbf602d4ace89777bffc6295103052f037fcb90dc990e8883,276
96_0.jpg,96_0.provenance.json,7035d5d2e5eb6e24e8b9a06b6746c833a3d76fa093c8f62adcfa21ce271273dc,276
96_1.jpg,96_1.provenance.json,f88d25d87bf871121bf2db4fba4c8af6855bdaa88c7a229b9ef7c8678dfa6ad5,276
96_2.jpg,96_2.provenance.json,c5a75bdd06b993764befd8d3263f489a59d549691371d7255ebb520cd4ba5559,276
97_0.jpg,97_0.provenance.json,f27f337966678824d51c1e80f4105df75b9c4d9716cae174012dff111e00fab8,276
98_0.jpg,98_0.provenance.json,91ad2c326c6f5aeab5405f6118890d8898eb2e45df85b1b9c00bbb8af7e16410,276
99_0.jpg,99_0.provenance.json,70f6bf6fa5b0a4c79fbb7ff07812c82f4d2183d3dc2c81a6e06a8756ff5c3994,276
99_1.jpg,99_1.provenance.json,278b9d594f41baeb60656695c9c5019b2087771789f48e887e118f6b55230270,276
99_2.jpg,99_2.provenance.json,1aeaaa4a51bcca8c1a3fe13beab4a8c977041325fc209e096d80dd7a144958bb,276
99_3.jpg,99_3.provenance.json,bbe9ab60b0041f6c450c06c23a0f5cded9d3624d1370039eac0a6ec6708b4b23,276
99_4.jpg,99_4.provenance.json,ddad9af495e434d7bcd9a9d95fd65d0963f7c3d5da4c73ed1a74fc621fafdc2e,276
99_5.jpg,99_5.provenance.json,6e894646ec8e1c93db1a65c102b06832c1c247b50287d8e1c27d202c18add749,276
100_0.jpg,100_0.provenance.json,d3dab41abb1ee510869654ae9d1044228ea28a2d83b6f8c208054ab9ffa6b099,278
100_1.jpg,100_1.provenance.json,6935bc8f8816e3b4f4693d6846796d78fbbba30d20b53dc124adda46b651673e,278
100_2.jpg,100_2.provenance.json,6c28cde4edb1b0f39d9b3127f0651d64bcaaae0abe7fd1c66a9069323bd966a3,278
100_3.jpg,100_3.provenance.json,b7befa1d1aecb6ecf040a66b155ed7654a9efde9964afa5b74983d1ad1736891,278
100_4.jpg,100_4.provenance.json,22501a35fffc21a1ffe97a0e983f5152ca085888f36b132ec0ee44b3b8c46325,278
100_5.jpg,100_5.provenance.json,03c41138eee5f35f1dd66724731cb914a59f18bff4ca02e2eba48ec394cff08d,278
100_6.jpg,100_6.provenance.json,4466d81c4c621d0320a54a84f8ec1d7b25967ca5329717be30d493e45cffa87f,278
100_7.jpg,100_7.provenance.json,8a853d0e2f8b600d8e33b68cf00190f5deb8f3b9daf9730b4370f4ad28834be6,278
100_8.jpg,100_8.provenance.json,716859352b808fd7757c0362a3db518c55a72cd2a65930482164915137028cfa,278
100_9.jpg,100_9.provenance.json,0e501cac44ec380cb2533224e8f1fa761c945eeeb38f03bee6818b5e361ea46e,278
101_0.jpg,101_0.provenance.json,63abc3bddf0a9053ba821cba6221adc20ed2d1fb0c6d8b858cc80d18c281dcbd,278
102_0.jpg,102_0.provenance.json,1ba633439f61dc8afa6e27edb4ae149dab9f15186bab4061bce69119cca600c9,278
102_1.jpg,102_1.provenance.json,2159a934a07690ef9473d102b874b97c94b35cc6404ad1f9e9dd73ed31958061,278
103_0.jpg,103_0.provenance.json,31ad80539efbfb68ac6cafd17a73690f42171df88e850f31c4a95c1b67c9f144,278
103_1.jpg,103_1.provenance.json,4e304f09d1e02b491b2f5dd708eb5a8f90ad78a138ea6cddedb6fb6205739ac1,278
104_0.jpg,104_0.provenance.json,533b9ec97cc2dec4a41e7e8fc7f7930a6fd5442a1c8032f33729a4bcc84b45c3,278
104_1.jpg,104_1.provenance.json,e3f17be699b5945a260844a6b95e081246c1d346c67f668c553b52bc904c4e4a,278
104_2.jpg,104_2.provenance.json,86d786450c3d522123f07ff64f375d0ebb9fe60d23639763b89996769f9e94cd,278
104_3.jpg,104_3.provenance.json,5279bb27a66e8bc2cf60df9927f9532ed171fff8dd464d8f856b9be1a80bc6da,278
104_4.jpg,104_4.provenance.json,f590f194e32a6fb7ecb855cb9803a1ed4f3579884af003256442f2b00e3cad91,278
104_5.jpg,104_5.provenance.json,00045a8785bed6f6514ec4a1904b265a0b555f496f655ab1ae806328aeebab82,278
104_6.jpg,104_6.provenance.json,44b8d391f719ae78203b93105ff0010dab122c9bbfde64e3d6856cba187754c2,278
105_0.jpg,105_0.provenance.json,2290ebccc186e83f939c3f666f520a71fadf2b82d5ba9d1afa7630cc8a4c60bb,278
105_1.jpg,105_1.provenance.json,27b72d43dd9f6bd6e6e4e37074eb49a226bf0c849d9c0eba51c78d9df5f1a066,278
106_0.jpg,106_0.provenance.json,43303b6df569e095e11f90b33ef8b2c2d7da96e7f86127ce89fbef8c2806b7d3,278
107_0.jpg,107_0.provenance.json,b5b5d10abd4557a44503146e559711b5f320f5e91f281d41290211bc5e4676fe,278
107_1.jpg,107_1.provenance.json,ef1fbda9699e2437a1d1a52023cc8c63c64d4b9e2b1772be8b50f54eed29c0a8,278
107_2.jpg,107_2.provenance.json,437ceff1afbcbf3843c90723d91028ebf9239ad54a6c3162f8910f198ec636d6,278
108_0.jpg,108_0.provenance.json,1af18d3aad5111ef31a2a442ff738f0087536a8218b44026c0a9ecbc9708eccd,278
108_1.jpg,108_1.provenance.json,7031af1c3c8f240057dfc0cdac8d1e55eafe7ace9da1c395a0b4b0451f93dd2f,278
108_2.jpg,108_2.provenance.json,bf8bce781c063177522c7ad3365abbca8690230eb68728e9d76917d8448e72da,278
108_3.jpg,108_3.provenance.json,83ca20f97f1aeabceb3792e3d18de4cd12a4a0bf3c020ced11480cdce9769fd1,278
108_4.jpg,108_4.provenance.json,27e1b4654fe3cd8aacbf70ac5912ba5ca00cb9e6e63e9441c034f2a396b0119a,278
109_0.jpg,109_0.provenance.json,88ddc3c32108f3cf9c409ff3b5d9607d8ce54d4c117bacfd8b4000499b2ed0b0,278
109_1.jpg,109_1.provenance.json,0f5a1360886ca33209f7b8094c7eec3bd8f9f828762f9837c6ba5010168f560a,278
109_2.jpg,109_2.provenance.json,26526a471403a53baa985ff31bef7f993222905ff86d4b9e02d214cb5a21a738,278
109_3.jpg,109_3.provenance.json,0300b1d07131b2f0637f3826ea927193db89569042e5aba1d69abb0edeb694ac,278
109_4.jpg,109_4.provenance.json,13c7e1aef8bda87dddf9d33c3e8c38ce00706c5f814ccd54921daedbdbdc093f,278
110_0.jpg,110_0.provenance.json,0ced306669d388c0990c75f4e1fa566395fe355813b0039bf2adfefed87423e8,278
110_1.jpg,110_1.provenance.json,6ecebfe000044cbaa6b0509a0dca1fd3c082a4c03f8b77628c528eab310cf609,278
110_2.jpg,110_2.provenance.json,61f556638c559a2c4776a20b1f4e81ea9490ef7b4f030c54d5fa1e8ebd183594,278
111_0.jpg,111_0.provenance.json,fe97f24bec56c64c81be37741019e442b16771cef70ddf45114b26b38b5ce99e,278
112_0.jpg,112_0.provenance.json,83c708f7a89a5f5def4ff8508d5b51ec4cba75edca04548514a88c715733c767,278
112_1.jpg,112_1.provenance.json,57d7786f5052ae52fd99d299f6f4ca9581a716f0a6f0822781ecf3420ff3cd52,278
112_2.jpg,112_2.provenance.json,615b90a97b44d66b5484c0831c79d88484f246669f33f0eb4460972357d11b6e,278
113_0.jpg,113_0.provenance.json,67e772817c864ddf62f4545903b25ea2502168f120d5e6c9bd1046f6364f64f1,278
114_0.jpg,114_0.provenance.json,3b8efc46ecc698819d8f46cbe62c27dcd30f332fcf6858e959f577a860dd099b,278
114_1.jpg,114_1.provenance.json,827f79a4108b67776cb8eb9672692d104870f96bbe04b7eaebfa60da1cc7c4bc,278
114_2.jpg,114_2.provenance.json,1bd7d55abf3ffcd7a20845b979df31743ac333ceac5beb5d6bd84e46f8ad3117,278
115_0.jpg,115_0.provenance.json,d424f9b7cf998f30737b74ccc69276c15c21910016c6168c2d8286bd26a74aa3,278
115_1.jpg,115_1.provenance.json,3d5a8e1f7066238affa743f6fcd1f495e49eae3b30bcf042cb172306670e0715,278
116_0.jpg,116_0.provenance.json,7a9da06a1dc3f306818d8819cea25900bb9e2e1f6d5dfc1e84ceb9a4918636e4,278
116_1.jpg,116_1.provenance.json,90327a2b2d69b120e8c7ee0f4811ce4a68690aded07309ecd90dc5b2be27a65a,278
117_0.jpg,117_0.provenance.json,df5a07f0fbdd5553430b628faa6054b721f05ed0cadfdfac6f09d49363da0a50,278
118_0.jpg,118_0.provenance.json,db4c270b98559dc79205fe5312f8a392d66f4f7bf532b28ba11960c5748b9f21,278
118_1.jpg,118_1.provenance.json,ffb24c394bfc7ccc81b4f7f76b85d92b6401e21e72d3bfc9de63c586ed03730b,278
119_0.jpg,119_0.provenance.json,c7396333371828d9976723e5c85fa51d6cd630bceb899f162cdaf42e6f1fcf89,278
119_1.jpg,119_1.provenance.json,2e62d76b8abd1c0eb8d198017fb997b0265a2a9df2d6654e538b71c3f246daf3,278
120_0.jpg,120_0.provenance.json,69e938958ef8d2f220dfbf3ad5dc704983da34068021acfdc527e98e35f8945b,278
120_1.jpg,120_1.provenance.json,e1b1ea8467dafc61d5d5f8f96b3b35a242bb9727bb427aac26dfba18d21731e6,278
121_0.jpg,121_0.provenance.json,84517b86fddf6d7b0d4a6c278fea3c107dac539e621e5cc409309479173e8613,278
121_1.jpg,121_1.provenance.json,7c0d0aed87b8d7db8173b5505c5119d8a7e7bbc1bd425eba534b3a6029137a11,278
121_2.jpg,121_2.provenance.json,cb5337240e6c2a3f7b159411907b16dba082833f9b3f0d48666ea0d79a42e52f,278
122_0.jpg,122_0.provenance.json,e45af8bd6d613f28385dbf8b2149a0b69b7cacdca88ee528951cec3e40439b04,278
122_1.jpg,122_1.provenance.json,443a90b43259cce19aabbcfee8367212f2657500fa034bd6502249facd2d8d12,278
123_0.jpg,123_0.provenance.json,76f8de3a09bd87fb9b2795c6e61acd3b9b77198bdd1f7fef6d4cd208ca747c3c,278
123_1.jpg,123_1.provenance.json,ea26f694ba62a4da22c5fbca522ea6f897e2d0c08dc6899fab4eadc75b5ef97e,278
123_2.jpg,123_2.provenance.json,96533da3431e086ad60e14234e46206141025d1db16bdd7e8be11292cfcaa573,278
124_0.jpg,124_0.provenance.json,bbe6c4fe0533e85c39939ec0214ada3ccd147733dcebd878a16233b3238db81d,278
125_0.jpg,125_0.provenance.json,834dd7ce725746510580c7b7a05a736a5af202ae12a9e00f3ba65c1580f6d864,278
126_0.jpg,126_0.provenance.json,934cbb32a3f769c735475f8d60678bfe1df732f52da599f25ae9ad5fabcdbad5,278
126_1.jpg,126_1.provenance.json,4cd01e3aee336f13352b5e5cb49b9da6a524330f80e78ccb2f644a28adec3df3,278
127_0.jpg,127_0.provenance.json,89928fc4be147e235b16a5f146d0b9f770d1b859bf9d3e11d57729bc124ebf71,278
128_0.jpg,128_0.provenance.json,119de57d1da28a958471775516c81162e67232b36718c1a38a1e65e096b7f455,278
129_0.jpg,129_0.provenance.json,36a9aff17b1546b7ee42fb847b7b53415fbb643bcfd614aaf7b103df91742631,278
129_1.jpg,129_1.provenance.json,44aca41dc8f0dc1686b1440860b9e5c0c28a8925a4c638938ae36f8bba05815d,278
129_2.jpg,129_2.provenance.json,fdd386c66f41fc7fde00985e786b79fe3b5a40ed57a45c73850cfddf6e4d3314,278
130_0.jpg,130_0.provenance.json,98e2e17afe2beee637ac405d3bad0c6c9b7cd6deb1bb49c66c0d22eac1c05275,278
131_0.jpg,131_0.provenance.json,40f4a7c4b5b9ddea01b1ba6104fee7c3075b8d07e1488dc7587db0bb372c2c17,278
132_0.jpg,132_0.provenance.json,35b00c9fee07f708554cd3af7919d1919ee7a105fa5886eb1868d7f714b7dee6,278
132_1.jpg,132_1.provenance.json,0d9779b3f870f751105696e3944420aedac7e0e11b101714f1332e61e69cba59,278
133_0.jpg,133_0.provenance.json,eefe3b317ef5924685cd8f3eea9b0becf6c8ef20c898572c0f1379fd9df73f9c,278
134_0.jpg,134_0.provenance.json,661606c40da889829ad2d15a6242322d340303c4b068854016d851e8430ea0fb,278
134_1.jpg,134_1.provenance.json,3c93b676c2475559dd08cf1bff60da5e863da3d81d20e2b07fe3022982cdb9f2,278
135_0.jpg,135_0.provenance.json,889acc8e20d9a2fa5447268c9749bce152849c676a13b4385c76c61375d3e5e4,278
135_1.jpg,135_1.provenance.json,547fe48157e263030506b771c86571fda404d3dedb74a658f96e45fa8b01740b,278
135_2.jpg,135_2.provenance.json,5ccae6e570ee6bffe631484de95f4da3910d93c63e65273597ee8fc6e8f6e761,278
135_3.jpg,135_3.provenance.json,4bcf1a9225660f6e2958c3493dc18083b3ac9f7799e4e53bd457108a57e4b243,278
135_4.jpg,135_4.provenance.json,4c3cc6ba3879241774a831c4f0eb738f341c3a6b30225fbebbf8e2eba71e4a9d,278
136_0.jpg,136_0.provenance.json,2d7efe7bae96f60ff59ca308c1ad532d61ac54feb96a130853869fde4da52368,278
136_1.jpg,136_1.provenance.json,294f7970c121002d217a6aa788ee82098d42f7bf9c6ac6d3f745a8d56abde657,278
137_0.jpg,137_0.provenance.json,e7f821911544a55ca106e7faa9023cd974ee180443d5f3b8cf3f16929d66fb44,278
138_0.jpg,138_0.provenance.json,dc82e206b9179bbf0126898ab7cd4ee48dcfafc4528b84e51b95814003c6e1d6,278
138_1.jpg,138_1.provenance.json,2be1144d535adb918ce497b1883e0f86063eef43789b15e6aa64d23909d9d444,278
138_2.jpg,138_2.provenance.json,9dde6e26e2d9fb42e34ea96d52ad2b519765813ea949e47bff9aeed40466480e,278
139_0.jpg,139_0.provenance.json,c58429116fca8c83b5b1e299ba781dd0faadbf95386ad2870d6ac639a7a79695,278
139_1.jpg,139_1.provenance.json,d537a53585ccb581f6c376b0929bda9b71131e51c150e373e5861001552e1eff,278
139_2.jpg,139_2.provenance.json,659595ff0f831f808997d781bb4014e7e174d6cf78a19c0627d174bade13d0f6,278
140_0.jpg,140_0.provenance.json,9f8816ddf2e57fbbfe39cc9c2e9f05caff57cdf33901a83dc2be7a4ae34416e0,278
140_1.jpg,140_1.provenance.json,597010f6890cb3c714773c92a8c953adb6602b5062b4e5e7b484e374d11c587d,278
140_2.jpg,140_2.provenance.json,112ef3c25c8534aadb3b7001f2ddcaab00d8dd5fb21f368c1272a1bcd2e6b920,278
141_0.jpg,141_0.provenance.json,e88fa03edf5d5960d041744e7b5c4c452690a12256783a9b05ac67710e86f5e4,278
141_1.jpg,141_1.provenance.json,4873eef083254944dc7b0ae4b08b7f752329b3203606a25fe10d9ffaf32aa5dd,278
141_2.jpg,141_2.provenance.json,e23c75b449d9f178c73538cb1dd0c0c4089b810497fccfaf0e71824c0df8a3f8,278
141_3.jpg,141_3.provenance.json,0e56b295980a34441838767283cd342fad3e55fb311ba987583b025ee6ffd34d,278
141_4.jpg,141_4.provenance.json,f6d843dc630caac589b91ef86f4a9ff905fa84f3dc51f0a7ef5aa3e39501152a,278
141_5.jpg,141_5.provenance.json,b5999e247b31129c7ae5aa84370eb2f3333d085126647e93a254bb481fb06710,278
141_6.jpg,141_6.provenance.json,1b1238c84424960d1413caf3866fbf17ba22ebafe70e750d212a1f2f80026cbe,278
142_0.jpg,142_0.provenance.json,0b6ab8dda9db9d310bdd791207ebbb6bfe6b996a9aa620f23c7569706f3527ce,278
143_0.jpg,143_0.provenance.json,ca419bfb051822f6119ab098665f8f8974ce7d62df45362f9950d4d03deb7ec4,278
143_1.jpg,143_1.provenance.json,c354dbe964c2cb6c51cd8332e210fdb4fd986b8716bd0511fc1f2f4a89f9fc36,278
143_2.jpg,143_2.provenance.json,74f8e4bb45e600e16c1db2dfa3ccd3453b48aa35e40052ce2e19ac0c86d87582,278
143_3.jpg,143_3.provenance.json,8fabffacec70fc8075fcf9da73a5588c0cdc04523ffc3a52bbfa26e6c0a8a1c9,278
143_4.jpg,143_4.provenance.json,2be7ca9419e9a4960984ab8074c928eac75aa16bb4d83b10b150e5b7801e2bf0,278
144_0.jpg,144_0.provenance.json,151545c612ddfaba0aa4105328486ab96cd338a460d921a00801b0638ec097da,278
144_1.jpg,144_1.provenance.json,851c0d4fceb531da96fc39e6f0f46274a0a3ac7f6af1508707b898207251bee4,278
144_2.jpg,144_2.provenance.json,15fcefdcf0ceed903978d2c8fcc5498953983a081ec3cdc4543ecacfbfc44cec,278
144_3.jpg,144_3.provenance.json,acce2ac0f080c0743e0bd972113fa4b167ce88ecb8dcde0200f2bda849e05b67,278
145_0.jpg,145_0.provenance.json,e99c6830c9b019b7aaf9219d2251303ec51578c855b9bb61a80ffd79fce8d921,278
145_1.jpg,145_1.provenance.json,ec4c00a5aa56c99ee6ee17af0d67162c6d67b3bfb8215277383eaf54af0bc85a,278
145_2.jpg,145_2.provenance.json,18bac9a2c046f7564017ce0dd4d520da4787412a0e4dc092c926d3b0301ea691,278
146_0.jpg,146_0.provenance.json,cde2592b503b6d895f4df20b4d9b37e2de3dde05c8c872fb2af3cb0d0494672f,278
147_0.jpg,147_0.provenance.json,44030ec2cb44569df0d6632afa4dfdc03f4a9b9324b04e5bd43373704680206f,278
147_1.jpg,147_1.provenance.json,70ac21b653c7fcfc6eaeb9a7ca5f3ab45aacafc1411a7363b24a222d0f55b1c0,278
148_0.jpg,148_0.provenance.json,3c5eb4574ad1208372eee4b77f679e82480621a42438beb6c94ca6758ca9155e,278
148_1.jpg,148_1.provenance.json,0e49e7c2178bab0fb8822afbd614199b576a82881aa18ea38ff90ad3df4365a3,278
148_2.jpg,148_2.provenance.json,27e340f2fef3299485ca540f4a72661a82532102482e2d7b77195a06c3826222,278
148_3.jpg,148_3.provenance.json,757652e29af3f9e0c24d067c69e175fbff67448833d09b0abae0e07cf7591205,278
149_0.jpg,149_0.provenance.json,7df3dcb0360437466ae09731b99e9592c48dfc86596fa2f403acf508a4c4a38f,278
150_0.jpg,150_0.provenance.json,af67756d804ca43e6fc032b2cbf82d8e20838ef11ce98c0a1cf26d313eb7d308,278
150_1.jpg,150_1.provenance.json,637ce029964de77cab3cca0081304557a7ef412f30f81964d0d627419c43ecb6,278
150_2.jpg,150_2.provenance.json,4ce477b1a0b4408b0c7ee0b8bc678cf3bed792337784d2fb0a3d4273c3394221,278
150_3.jpg,150_3.provenance.json,a9eac2ed417f732e969404e6865052e5ec0e34134b53f168bcebd7a495a8c96c,278
150_4.jpg,150_4.provenance.json,276c9cea1eee35b891c9e13fb51dcc75e32ee6cc66e00c7a02090116bf8d6dbb,278
150_5.jpg,150_5.provenance.json,ed42b2dd9d0dba6314884792fadcd7b437f927e511e64524551597cfb3a05710,278
150_6.jpg,150_6.provenance.json,c883e0a8e0effd75537759c82ff1f23630fa1dfbea8182e26264e80ee6253b44,278
150_7.jpg,150_7.provenance.json,012c36d1f551ea3d1a1e74f00c484056a93509f8a79ce27a889a50635606c7a0,278
150_8.jpg,150_8.provenance.json,b28e6923f764b95cd3685494fa6e14ae9c63fcfb3fdc89c342a533abfcb09472,278
150_9.jpg,150_9.provenance.json,79b48c37fd4af736389ee1421629a1188573436dc2a9290f6e617b924fb6bf7f,278
150_10.jpg,150_10.provenance.json,a0908cb0fbfd2cb07abd0248288b8771994ac5aac2cf7d22fb3fd3967330a77e,279
150_11.jpg,150_11.provenance.json,38a185d87732f35b0fe362a1af756c8b0a331634bcc0931e28df234b956dd7a9,279
150_12.jpg,150_12.provenance.json,a949a9635482d3c4771ff1ba9b5ed08a9f824f1b85a6ccb4f1b47f2142adba33,279
150_13.jpg,150_13.provenance.json,b41c44a4b94b20e360c1e3cfaaf16b4dfb4443af093af6e29b9f29d273ebc5c2,279
151_0.jpg,151_0.provenance.json,24ab625094055eec2f7e11504cc1d9d604c796666dab6ef425621e7b22a7761c,278
151_1.jpg,151_1.provenance.json,40eb4c06330e19487cbf84426fad109f2ad7de3c0bdae2a8a281a7ac9733228b,278
151_2.jpg,151_2.provenance.json,ee2575730cc2d2ef8d2147db9bc504f329a66c7c7797088a0a4306f36a1597d8,278
151_3.jpg,151_3.provenance.json,cd083fb2e18c72684178a59649f2e950927be68e189d320096e7ef0af0f3e5e0,278
151_4.jpg,151_4.provenance.json,3c684409f976bca7b6ceeaeb2684af582ea7336b492378a0204039a1ee68cc4c,278
152_0.jpg,152_0.provenance.json,ff9604616997e910730476fc90720bc14d3d7f50c14f46935e33331fc3b966ad,278
153_0.jpg,153_0.provenance.json,ffb5527443a4d26b40be8c58af2e82f4090d9950b3e76922733fd6118aab83a1,278
153_1.jpg,153_1.provenance.json,3bace9d7c856b2b1e7620f4926797f6fe4733dd97a31949b093aa78193d4207f,278
153_2.jpg,153_2.provenance.json,3b7984db6a0f184b4129b0d60c26e701c1892c5286f38a475286a788c6384fc3,278
153_3.jpg,153_3.provenance.json,78688467c570c684b5e7cb7a7a7d7b3206fc48e4b6971fb19bee311ae46ed995,278
154_0.jpg,154_0.provenance.json,bc1b769d4e172e915bd8598cf722f6100c0508550fd36c92fd3371f93c91c92e,278
154_1.jpg,154_1.provenance.json,b0c022b24c1166fa33576a0f6e3a685260b90fafb005c03441e11ab38f27224f,278
154_2.jpg,154_2.provenance.json,63371eba10ac5f22421a4c3819b91a696e185a3f96aca8f9009c5adad8bc4227,278
154_3.jpg,154_3.provenance.json,c79d71e6b2795b4af0c83db89798e22d840248aea2d1d6e3433b169bc8553e73,278
154_4.jpg,154_4.provenance.json,94f866e458d649138204a62b39ab37c58f7ad0511bfbc537e90320751e01b22c,278
154_5.jpg,154_5.provenance.json,385bf03a1e374fe315e859e9949bdfeffa49c948d68c65676550c30bb76ad357,278
155_0.jpg,155_0.provenance.json,ee2c3d667347ded5d94d4a8beeb7511b2c777308345da3efdd1bedf87c802119,278
155_1.jpg,155_1.provenance.json,e2fe2a9f3f1af95d2bcba5728026fa96385a2cf9a18bc175a12287fc40438a29,278
155_2.jpg,155_2.provenance.json,f4579c71d2f26bd791b5a4e7e7a199ae4db24c19d8acd590740f284f728b1f20,278
155_3.jpg,155_3.provenance.json,3ff067c2832c50c5c7eb79fb44ec82198203becfe8c9821a2381ea147f449e98,278
156_0.jpg,156_0.provenance.json,d67aacc7f0743a45810eb488ce9e106f8aea706ef484b535b0805a03b5e32a57,278
157_0.jpg,157_0.provenance.json,48382e2c1435ada55fb41d9e40f77e436b24b84b2a1c7d82d1e37b30f3c6ddbd,278
157_1.jpg,157_1.provenance.json,0e09ea7f7969fdf60364ac5c8c4c663cae2d9cfe048c4389bcc90cc825155d0a,278
157_2.jpg,157_2.provenance.json,958cc13d3de1827cd3210a44d02c841e0bcccc80d2fa93301edffb100248521e,278
157_3.jpg,157_3.provenance.json,873eae0377618a2b1e3b497cdc7f1e7df645a2121a523090c3e5c95337a2ce33,278
158_0.jpg,158_0.provenance.json,8dcd005d9382e38a7b3d8abd9c558cd39f5db4c58fe1043632e9ce1134f577fc,278
158_1.jpg,158_1.provenance.json,6371ea35aaa417b3a7880f0f87e8fb860fc17bf9d8af2f48c9e466dca5daa970,278
159_0.jpg,159_0.provenance.json,6f5913fefb3a4924b240836d45e0c886083c05ae744d16a51f205ffba6b33e6a,278
159_1.jpg,159_1.provenance.json,c78783896bd84ac8c3872a9e6d9c7de09d3ae98ddbd3d1f854937f8d2cad5e13,278
160_0.jpg,160_0.provenance.json,7d76ed9aa15b945a17310a8eac980b825c8b3a45a41c880b9a756c2d7fb93c79,278
160_1.jpg,160_1.provenance.json,184a7857508ebb0ef5348e0f82efbdd0b77f3386bf504a1e010cc1f298e24e72,278
161_0.jpg,161_0.provenance.json,c72c7b72ce5c2ae1212ead9e409f228bca9579cc2a1db1e4e1ff1fc8523e6118,278
162_0.jpg,162_0.provenance.json,0dd108d4ffa177d5a114dbd49acbf49f7db685ee7674a717ebbe81ed554cd952,278
162_1.jpg,162_1.provenance.json,bd949cba8a8824151abad3bac682d23b7005e541976d070064183d5e58d0ba8e,278
163_0.jpg,163_0.provenance.json,9606545f04a85c15fe560b919b1d3301e76635a8c82e1900050ce130d5faca01,278
163_1.jpg,163_1.provenance.json,c95bccb1d0a44509366a23bd5865c9096c15a8da379d091a64267e367dbed1e2,278
163_2.jpg,163_2.provenance.json,7d2571fa8d058e56af92e39d6bba44967eff304ad1e9fd23894b0974e440d4b0,278
163_3.jpg,163_3.provenance.json,b9de62e970a18c61cd5bce426e1d4722b5cd6795ff4fbbb302a484c24c25d181,278
163_4.jpg,163_4.provenance.json,e1f9fbd2571453ea6d336b3d90549ecc36ccdfa501a0ae7eba45918455d8d068,278
164_0.jpg,164_0.provenance.json,77283e60fa6fa53cdabd233ceb24367417482a07674375856ff1f1f17c0ddac8,278
164_1.jpg,164_1.provenance.json,ee314f52a95321eb68806cae7661626015e0f89d92abc833a7c042adf9e5d8a5,278
164_2.jpg,164_2.provenance.json,86bf09b697d5a115e753cec79d2523353995d43207881210d89b7316a2c8f907,278
164_3.jpg,164_3.provenance.json,699b1bdb76cd2f75fc5101cc54d7251a9aa8d53b1102b76587e9413ef253b038,278
165_0.jpg,165_0.provenance.json,969832ddf5fe775257f89754534f90a169accc9567afc0d1b7b769313303caeb,278
165_1.jpg,165_1.provenance.json,b16fd02e5829ace2304f42e6eeaa6b8ae7ed8005da47d77588a0777bd886d8d9,278
165_2.jpg,165_2.provenance.json,cd7c7ee13b995feabb94d3c7a587b6369150b7c4538873acd982e47d34a36cf5,278
166_0.jpg,166_0.provenance.json,69c9fa98c04a8287aa498d6cfc8e55b0447101d75320fd813b6346891374f5ba,278
166_1.jpg,166_1.provenance.json,b910e936e244ea6b7007f4912eceae1e937614eb272d2f19bed89138572d97bc,278
166_2.jpg,166_2.provenance.json,18ecb1edb4d804fa7fdfd6b9233c8ac57a085731b760f00b09c79e5915106fcd,278
167_0.jpg,167_0.provenance.json,38c80392f7ba62259e85a498107609bef0c685b3b1732f6d2a64f9d89278d95e,278
167_1.jpg,167_1.provenance.json,3be2636059867d3806625b68adf71ac6c5ea15e2f30c6b641f4a0f0bc5742916,278
168_0.jpg,168_0.provenance.json,b067bb71ef44bac21c0fde275a227e8d671e9088a972ce442278d923a7a3c793,278
168_1.jpg,168_1.provenance.json,4986cebcd2008ac2ea32b996970337508896f01e8e7ffcb408bed21504780bd3,278
168_2.jpg,168_2.provenance.json,c764306f7b640daed598a83775d59e61e4c145e9170d266f86443723b4df39e5,278
169_0.jpg,169_0.provenance.json,dd09c7b3db093a953a0450c34e0e5abbf213008a2376824f02502f0ac138743b,278
169_1.jpg,169_1.provenance.json,d0c3cb6a60efc98ac1d14dabcf82797a859771b13b6a8675ae1b4a08b608db52,278
169_2.jpg,169_2.provenance.json,fee30686945b577602c52a1e22b7663569a711314be40dd6b47cc1d568f9e5be,278
169_3.jpg,169_3.provenance.json,5ad913ee390e52134e8ad55dccf2977082a27a6aaa871a17148151ce36968309,278
170_0.jpg,170_0.provenance.json,764bc71865d599015d3128ae70a214667d12320e46eeae724865b50823b5b301,278
170_1.jpg,170_1.provenance.json,36dfaec2d4465baecdbb9f777135f018ec6f4c9cddd06d4510a53a3d15107a25,278
170_2.jpg,170_2.provenance.json,6ec15f20a636253d4c85636d3256acb933cb8d33ddaa95500de3e086a5ca32ef,278
170_3.jpg,170_3.provenance.json,69061364e907a093deb8704231568802b8dd59afa45ac753d134d8edcb3ebfe1,278
170_4.jpg,170_4.provenance.json,e7e62f82ca059a48ba1c026a5bd5d1e9a7436edf95dbada821856c2c202647b8,278
170_5.jpg,170_5.provenance.json,2c539f5358f556e0d8d5e49c6fc2a52225cf3883893628270ac0047b9a1025e0,278
171_0.jpg,171_0.provenance.json,ed626aad07ad4b6eb6d6068a65bb462809f9b8857c48b3e1d303fb9e9734350a,278
172_0.jpg,172_0.provenance.json,c8cd37034068160b7956a40e4d5e58f69949d525a76c1f8573d3b4322821251f,278
172_1.jpg,172_1.provenance.json,59fa3f4ad500acb69c844545401bf266f98068937fe0c71c3e369cfa23a78c20,278
172_2.jpg,172_2.provenance.json,f4a1356a78acec04fc1ec83f154b57be2ef52da85b2fadf977a15f6a9953d109,278
172_3.jpg,172_3.provenance.json,161266dde6370062ad0b357b4f3eebbf5e391060b76fdf23450e092418300441,278
173_0.jpg,173_0.provenance.json,504a05d430266e5afd9fd3632ab17e1c9e89fadf12a9fa846a1b3117ac6001e8,278
174_0.jpg,174_0.provenance.json,a28f475c206452dac28757d6cf521a4e2f24c9fa83c502552beef9f687ad8585,278
175_0.jpg,175_0.provenance.json,6d4afdfe06d7464df5c78fc94ec079a5e6bea4bf154c0ab3b050a38b8369919c,278
175_1.jpg,175_1.provenance.json,4e8d7a890fd2094f14cca183405775b73ab1f817e30ceed2f078ea72303b9b15,278
176_0.jpg,176_0.provenance.json,6d5be6804f31270e1da653d725dbd2c5f59c417f3877e59636671db345e40d62,278
176_1.jpg,176_1.provenance.json,0bd14486ca86126f21d3a2781f474fb656b8830bcce320d76db27e976c93e156,278
176_2.jpg,176_2.provenance.json,85c0a57fd0674fe150108729eacc90db1f7c545965034ffaad62d94585d26136,278
177_0.jpg,177_0.provenance.json,e3e87ea505ffb60aa51a738cfc90a6d9d59c7d4ee5022dd5ea1c32019ef71253,278
177_1.jpg,177_1.provenance.json,46220ec81d9d4d675470f5313803d0eb29336f095004bb118034d01f9e24328c,278
177_2.jpg,177_2.provenance.json,6389d2a8bb10bd78b8bf7647f0bdccddf315eed2bd2bb692d15fc7d819239df9,278
178_0.jpg,178_0.provenance.json,faa4dc75d7a8283449cbce0584c7b43171a8f5a904027b8443e37a8e11654e19,278
179_0.jpg,179_0.provenance.json,b097a48371ba160f748c40fc8691650cb5b8d7e1ea5b783c9ba9057fd673b696,278
179_1.jpg,179_1.provenance.json,527675c12fe1516ced554de6501db8be83001722aa8ec4c7dccf269b87d2c245,278
179_2.jpg,179_2.provenance.json,4efd1c29445bf763c052c51a65389841daa15fd4ba033ee6cbadb1ce4e1335ea,278
180_0.jpg,180_0.provenance.json,97426c2608e7fbb9e8e4133a7871ac926a25b4cde0151e1ee74c2ee1ccd31f44,278
180_1.jpg,180_1.provenance.json,ff5f03808c2f2f8840ab70b828bc7488a789cdc74a7f5d42b48b0bc79eac0157,278
180_2.jpg,180_2.provenance.json,e1b765d071a21bcac30b87dad37c9c651da8311d0c531c3ae8029e15e49eb79f,278
180_3.jpg,180_3.provenance.json,272876472736fbab0930edc12539c55e0fd02ee496f28240617f2222da5ec912,278
180_4.jpg,180_4.provenance.json,568e60ab20be1eaef53b5eb95669406c8190fbc05d51f2fdf802498e57e3eea3,278
180_5.jpg,180_5.provenance.json,4b0f1c7c47226d126b239c7743417ac54b7e9fe923f9a79c285a4225b261d349,278
181_0.jpg,181_0.provenance.json,8bcc84afb9e4771eb4b6290243a2d9659012b8e65896b6bbb078b30afba3b4fb,278
181_1.jpg,181_1.provenance.json,d35054d337fe5c54c1a4ca544ce573aa4a95310aee2cb971baf0d70d13f47f7d,278
183_0.jpg,183_0.provenance.json,51f78cdb504291dfcd8f86b412d4bbeb670cc5dc74444007f993f753cb1ca674,278
183_1.jpg,183_1.provenance.json,b0568865484703e837835af26b0cdea8c053316d61494af170c8da8f51c1cb16,278
183_2.jpg,183_2.provenance.json,c3dbfe1e957f8ee11e94cbe276dfe227b37c5c740a50f92541cc5816a2e1f77d,278
183_3.jpg,183_3.provenance.json,489136ade24d2aab6c52a23e87be2de607134d33c93cc310d470c06f60fd5937,278
183_4.jpg,183_4.provenance.json,629d4183e82f045d568bbe04a3ee4e498fc0800affb78b2559e40e5d5c0a7d8d,278
183_5.jpg,183_5.provenance.json,977fa0d5390a16e23dea823d6b361bd8d3da0142176a10e8d9fc4401f0941981,278
183_6.jpg,183_6.provenance.json,53ecc24f4da272f62672fb42c010e1bf3c0b917a960bbd7e90de94a2acf169d9,278
183_7.jpg,183_7.provenance.json,02b52d6772a9237428fa04dd2d1b6e16379a1aad4338bdb184f827b84168507e,278
184_0.jpg,184_0.provenance.json,780da9f867b510666a53d6184dca0ce6893c66f0e7f343bbb32528d24741e3d2,278
184_1.jpg,184_1.provenance.json,461ffbc4290de2327af22213460133c2da74b163190014814f84d89963cd007a,278
185_0.jpg,185_0.provenance.json,a810ffdb5be86ac3f28fdbfad459554d1ff1a153c7608a1e974217783343dce2,278
185_1.jpg,185_1.provenance.json,5664418d1eba67b8a515f8cf05524ecfb13480a66a1dd1505b7e2daa16559149,278
185_2.jpg,185_2.provenance.json,a9ff4dbbed8b43cb672afd9fd623174ce4a66f378df5cb574df61757f46e87ed,278
186_0.jpg,186_0.provenance.json,aefdc89c8d47a0f8553df399c08f39645943a6afe462cec5aab7052b26d81a8d,278
186_1.jpg,186_1.provenance.json,1761664ad90d930ad826e6267763dd75b96adea9a1894acb30ca76cd45290ba4,278
186_2.jpg,186_2.provenance.json,0ab0934967fe726ff4afe6246a2411ac57b47c683483a2a28c43a699dcd13661,278
187_0.jpg,187_0.provenance.json,8bb35edaee0110676e871c325cfefce05244030f312823d5733b734c2f351961,278
188_0.jpg,188_0.provenance.json,4d94a75fe821f635f95e4065158ea3db592360b663b5408e95d6ba5be45fde64,278
188_1.jpg,188_1.provenance.json,b9019cd635ae38e45fc0cb95a7b02788c2632c729452c61575b099bce0a8038d,278
189_0.jpg,189_0.provenance.json,0233f1872a424d22264b9184ff513fb4ecf87665d072128995df7df929f9f221,278
189_1.jpg,189_1.provenance.json,2bb2c3569c7052f74a6f4217aca9c48c6c7501d512bca7c4c35313fee0c93a66,278
189_2.jpg,189_2.provenance.json,9339914c38ba0b33892cda4fa10500cd929f6f5c9455485a30aa0e84d46c777d,278
190_0.jpg,190_0.provenance.json,973139a11411696dbac4d32846206701e462f3dbbf2a00ab4c9f03abd978fbc5,278
191_0.jpg,191_0.provenance.json,792823a7c955ed0a3ed7fefb45eff0f5b53804600d8500ecde78fd25ce673b53,278
191_1.jpg,191_1.provenance.json,a646e8be9fcb4951abfd7c2057e8f9b9287621ea4b35fc1bd09445d673e564b3,278
192_0.jpg,192_0.provenance.json,0ba8012aeab45b0165e697cbdd1e36087a40f4f12f85585234d00d3b8e010ec3,278
192_1.jpg,192_1.provenance.json,8389df633373bef8bcdf657803e26f14fe8a40169705325fcafa701eefd0f9dc,278
193_0.jpg,193_0.provenance.json,0a5aa15bc7f4b3ba26dcb95d7782610d9a8b8eba31e2b7a676ca385d5e21bc06,278
193_1.jpg,193_1.provenance.json,ae37f958486baa208e7cd8f4166b3a60c95174489f147c525e19b7089e6fbac2,278
194_0.jpg,194_0.provenance.json,9fb1f81a718ad239b1f4a9d334c7bfd6370b5af0081b309707f1652b25efc2d7,278
194_1.jpg,194_1.provenance.json,86839f28fea6283bff49833d5897d6f99d555d6e6442d79c08c99d22294bc056,278
195_0.jpg,195_0.provenance.json,83c05666f85788062aa3f4f70a0d71f838150184dacca8fc55b443118f8a3df7,278
195_1.jpg,195_1.provenance.json,9b2e14e724c0d083ff4228faa2a64f1f6948cb3eae4465518e5de75ff80c31de,278
195_2.jpg,195_2.provenance.json,f695b0dfe4c4461cf6a00eafe2950f02852c3f55a3e3058cd4316c1eb7a9ac77,278
196_0.jpg,196_0.provenance.json,f4bf3c16af870af409d396ce074dc195fb1041034076240c57dabe27f55a7a87,278
197_0.jpg,197_0.provenance.json,945fe3e95215e0ef24f8b6f59e689a8327c567a5e316d75179576d50ab140221,278
198_0.jpg,198_0.provenance.json,6ec485879d6ffa10ef602b311d7238139f5e8748edec954f512427d7b7dd783b,278
199_0.jpg,199_0.provenance.json,d0834e5113bd957c85037c9294058d56d013837819e91c44a9bdedaf9580ec79,278
199_1.jpg,199_1.provenance.json,562a038162000acf7404f63f6ba86545872ff467e27a99344df1f7d06d44a652,278
200_0.jpg,200_0.provenance.json,752414b8a520dc53de3a791b5f91250349cf7d2586f8184359aecdc0585c51cd,278
200_1.jpg,200_1.provenance.json,f3451400c123e422a0318805cc178394684e8dab5e6e3c223b22975f78b9249f,278
200_2.jpg,200_2.provenance.json,2b94a0fe84f3ea8cf69d1a1d5501772b9a62bd56d0800cb2b8aff26ea350bd93,278
200_3.jpg,200_3.provenance.json,35ab324afa7f6118efd9503224501e1eae7dc9f4aec8c699b343008968609917,278
201_0.jpg,201_0.provenance.json,e3fb71b2e6044705719d6e634554619c42431aebab017067eb5eb9d3aaf9a397,278
201_1.jpg,201_1.provenance.json,a547ddef59b1965012a6f6b47cbd96148dd6b82b9cf8077e39f13446da5dfb81,278
202_0.jpg,202_0.provenance.json,ca813962159b91e55085adf41e452765fb25ae43e2686fd88f600ef07b1f3c42,278
202_1.jpg,202_1.provenance.json,a371a9fc93ca26b98594b4c6cec9ba0bb17fcfa6a1c5c867e48fe2674dddea08,278
203_0.jpg,203_0.provenance.json,3a51e9a7cb2ce98807a19fbf92a0ae1e0ba8d8bfc286287db374a5239083834d,278
203_1.jpg,203_1.provenance.json,49f3aca95cf5a9d64ee91f186134afb01d23d42e74412b4dc3a677b295e915ea,278
204_0.jpg,204_0.provenance.json,468228ac2ef1436a160c373d66096ace9f751dbde2cfe0fc269242213336b605,278
204_1.jpg,204_1.provenance.json,e8882ceb43a3142c93572e4c6a2435b1a4799386e6827d99836a4fc86b1a55ab,278
205_0.jpg,205_0.provenance.json,f515e5c5e0fc3c2f38e7316d2583bb397bc51d4c22d367a6872c5dd4a309e418,278
205_1.jpg,205_1.provenance.json,99dbb23c324988edb2f8b2624c6614402a9efb613481947c5c696b4d7bb2f1a8,278
206_0.jpg,206_0.provenance.json,f3bdbfe007a3c2f88ef7adbf18926f0ddcedcf2a0933f898ebec77d40a7703f9,278
207_0.jpg,207_0.provenance.json,00a6028ea999a9fa1b442e3a20709d828c408da84d127fe27213173c215ca2a8,278
207_1.jpg,207_1.provenance.json,68e8724aec4978e4d2a73726abb1e475cf91fd4e50f6bb8c6a4d8b391d8dde80,278
207_2.jpg,207_2.provenance.json,cd0968da5d51bac95e93dcd6b569faf82d6e01471f007881edb558544e532b9f,278
208_0.jpg,208_0.provenance.json,f9e6cd15fca3cf71e15110f89b1db595fee38fa3a08214691ea07a74e564e08c,278
208_1.jpg,208_1.provenance.json,25cfea4a079f5d7bcc13172901ee9177a6f46718227f74e1955b7eee025101d2,278
209_0.jpg,209_0.provenance.json,e8dbf5283f995496a6ee94cb3029413def991470c7efe2d65032159b43ac030d,278
210_0.jpg,210_0.provenance.json,79feb44a406ac055d5ac17c46ec2901d0ca10bba62ebc2438609aeccc7558f37,278
211_0.jpg,211_0.provenance.json,afb3264f6c6df6f18fe9d79edf2cc937cc3c6e456d96fc1c0d4e13b6d9b037ea,278
211_1.jpg,211_1.provenance.json,8888f497d24af0130c053dee40d4d04cea18e8e15308f653f2542e01c2d959ae,278
211_2.jpg,211_2.provenance.json,5a74ae978e7eeaad8a3d0d7682c3c5bced4d4856713088c3745803b7a9b11de6,278
212_0.jpg,212_0.provenance.json,1b7af0df48028451048e00fbf86d55e468aa37044893a12427ad062b498831f2,278
213_0.jpg,213_0.provenance.json,e9ef303eaae3264e5cd943129f4a9c050c1082e0d1afb786b3a7e322c31ffa1b,278
214_0.jpg,214_0.provenance.json,8e3c2ba66ed2b944e388bf68872ab42e007c6bbd9cc3fe453a97db142304c209,278
214_1.jpg,214_1.provenance.json,806c40b8a9b1aeb718eb9219827de51d7d82925e289438b527a73fc73eb7d09f,278
214_2.jpg,214_2.provenance.json,bfc1d584577da9a650a19232b32e7ddf3a0ff47840c7efd2df4b6669de598655,278
214_3.jpg,214_3.provenance.json,6ffb95361b96068350c6ea89b60a4efec3cd6737e7b4dd6fbd357200f0b9ab4b,278
215_0.jpg,215_0.provenance.json,1a9edddbc613eed4be4e40080ed7f61add150f4b1686e1d4de7327404285150c,278
215_1.jpg,215_1.provenance.json,7a300b0365fde154523756906c778acd1272911e5a930b612da78beb38b06f43,278
215_2.jpg,215_2.provenance.json,eea0269b9483d7bae6c4aadadf32b5f7e4dd7ca03158eac9a12c5ceed640e065,278
215_3.jpg,215_3.provenance.json,25e46f2d3be78f6325f80f766a65fdabda0d774d77bc8b0f033609457db6ae2b,278
216_0.jpg,216_0.provenance.json,9035175f4137d03acdd5b811c06e1a145541b52a5c42a03b57f4262b56681255,278
217_0.jpg,217_0.provenance.json,2821594b51ded7c8e44369ec3f6090e56cfecbb84ffd41c9601e7c8db27862c3,278
218_0.jpg,218_0.provenance.json,42cd36207a303b36f8fd1cd1b1ee64c9f066fe622594c81dd9987e2b04ac0386,278
219_0.jpg,219_0.provenance.json,8151335da4ae265b318bf0894f87f3ab9065b2faaf0dd4eb59425430bf548be6,278
219_1.jpg,219_1.provenance.json,e13b8ae7aedd85e30c3dc67c5729dd519c4987e2edc7967ee7fd806473e3aaf7,278
219_2.jpg,219_2.provenance.json,d44b41c8e3d994d7767e40554741e0c99803375187a99d1998cca7f6cf117be2,278
220_0.jpg,220_0.provenance.json,408703210438f8c00a55be0bdea461b8b6d86434a75fcd16771f7690d4cf7deb,278
220_1.jpg,220_1.provenance.json,904a381df71df9ec41d09df3b1ba19f937e5e29e636270224b38df76e7085e52,278
221_0.jpg,221_0.provenance.json,24fd8099909c4538633c3e85eef0dfc636e5e777895c33d5f544c84dd233fb35,278
222_0.jpg,222_0.provenance.json,5b3059ddfd9f209d2c2bd5ec74876ae3408f3132cf4096a9e75f3a18561bd712,278
222_1.jpg,222_1.provenance.json,1de9303da6a62fc5c3dee878cc9a87e4b882634611882a167aec8402c22aad80,278
223_0.jpg,223_0.provenance.json,f41665f69f06eb7669f441e1b48ef39638e6881ce23199a66887fcd3f5eb3cc2,278
223_1.jpg,223_1.provenance.json,3b731d0f60b2d45fe80bf450cc223aee5dc48d9dfde1428fd728257e61020531,278
223_2.jpg,223_2.provenance.json,553d12b01657ddf6386475a99a6dfa1ecd1ed072923cef302487f1f9bbdfa9a2,278
224_0.jpg,224_0.provenance.json,cfa3514424937f0dd6a6407b3935acf8d26175dc9353a94e7b55e1ba2414938b,278
224_1.jpg,224_1.provenance.json,7848911725cf52052daed130e55a370a0f86277d4301fff2226cf27f8dfdeb19,278
224_2.jpg,224_2.provenance.json,d63d63deab5d25d475c65f3eabc2aeb480d6760689d944124d7c66841f486e3b,278
224_3.jpg,224_3.provenance.json,b336a142940454db8c5b395b5929471974216b0d5175361846ee3225098ee4ff,278
225_0.jpg,225_0.provenance.json,cc197ec5e156d121cbf4354b55915d3b368bd027fd7e1cd84c155b0c97ecd753,278
225_1.jpg,225_1.provenance.json,ef83dbcb98292ce589f7261537b03f41c89ad86067f450db815c1d6bfc21e705,278
226_0.jpg,226_0.provenance.json,aa412e0d7a91043a1876eab51e243fd2b40bf2b2f2d1fd5e402f0aec6c0249d4,278
226_1.jpg,226_1.provenance.json,c2fdd48145da9759106fdc37ebc6152a5d9394ce118d3358a0f729bf3ba616b5,278
227_0.jpg,227_0.provenance.json,cb35bb17d714321a190626b549b72bfe2ea0889d07f30cc2c3f217b1e666f197,278
227_1.jpg,227_1.provenance.json,6d155a7dfbe6d765eddb84dde59281185591fcdfb689c9a74f29a58d4fa23551,278
227_2.jpg,227_2.provenance.json,6f0230f71f691567b209c102c36557509e074063f68bde395ee238d8f0489534,278
227_3.jpg,227_3.provenance.json,971c20b7506a073b1c0cee03cad101185414074aa63cfd9eb7820053870a01f1,278
227_4.jpg,227_4.provenance.json,634b9fe4a97e11dce29b6c5d30978dbc6e1e7b6f7cc9c67017db7c149015912e,278
228_0.jpg,228_0.provenance.json,1c6fde6ff12b1273e3f65242729988e333e88da1fe324696ddfeb5166b5baf21,278
229_0.jpg,229_0.provenance.json,5d8cb7f1cc03f12c606b22db3e2e7ddb467b3258bf195310ca533f0cd10d18cf,278
229_1.jpg,229_1.provenance.json,5ee93fda65038fbe150fe46310d60710bcd87b7f1eecf529a6d9593c32fce641,278
230_0.jpg,230_0.provenance.json,5509a99da466a0e2994f20b7b64f581b0da78975c35f2fd501be7603dd290446,278
230_1.jpg,230_1.provenance.json,9058ca0931e50dd6fe2ec617abb8464c942a046116b8fdff36afd28da191478b,278
231_0.jpg,231_0.provenance.json,b117a8bb2a16ac05b01c6ccfd216d422e0b21d70ffd6059b413ec4651d5de85f,278
231_1.jpg,231_1.provenance.json,18341e9f09d65f626e32155fb1607357488f0e1e109bee15735982b9fafe19b2,278
232_0.jpg,232_0.provenance.json,ad1e44a94a92c22c48efde7d3373aa47957fe92cc8da96dd2fb22c89d4b6c6fe,278
233_0.jpg,233_0.provenance.json,b61ef3bdb831eace2b781bfeaecaf1592ffae434d3fd791382398f66dec134dd,278
234_0.jpg,234_0.provenance.json,694b7e806b429a01859a6140582ee39d5fbc8af1067a898a1dd9b5f2ab121c10,278
234_1.jpg,234_1.provenance.json,f7f240f95aef1ae7056e08c3275c042262378ebd647bdc5d747a2224c0917617,278
235_0.jpg,235_0.provenance.json,7591c621500a4d54157c8fbd49b4c29394acb988719f62e8d9bea1bdccc7fb6f,278
236_0.jpg,236_0.provenance.json,8de1d2da8ddff44f8c485a6a31fb3e2837423a0fdacb96d40516b833b4ac6d48,278
237_0.jpg,237_0.provenance.json,c63d1dd8b3c661b99df1ab565740b0d1a3fba575d8c5d91af06759d71dd7e0c5,278
237_1.jpg,237_1.provenance.json,307297074a5d66c0b23223487db15f53af2afa30bb9576555330485f06fc6d88,278
238_0.jpg,238_0.provenance.json,ff4edf5e4b2a32b344e0fca2de15ce863d26e9db2a6e3d1b123ea3bb07f0aeda,278
238_1.jpg,238_1.provenance.json,4505ca01b965460dbece3ad38ab5dc9cf0e1497fcbf2dfaf45511efd7d806918,278
239_0.jpg,239_0.provenance.json,05cb7b9ebc3dcb65c41c2bbe2393730a596be772b824cdab26427a6b38189b0b,278
239_1.jpg,239_1.provenance.json,e2f4f84779f80d1146dd431e7f4dafaa3c583bae9c049cad9cb202f4731745dc,278
240_0.jpg,240_0.provenance.json,b5d12e587ec9b12a2d6dacb9304da036dc62e196ef27b7cfa866b53ac78e5b07,278
240_1.jpg,240_1.provenance.json,3dd8b682eaa912421546e221fdd220b932b59dfacec629d24eb1ecbfccc54f46,278
240_2.jpg,240_2.provenance.json,bfca4a44bd55e21e337ae860bbeb58b07cdb073624538f073a803a52902cd0b3,278
241_0.jpg,241_0.provenance.json,cbbce7fbd09416f8ba616d39564cf148e83d63f582c05daf1031063ba5867dbb,278
241_1.jpg,241_1.provenance.json,c6e6e419acc839052f288a0b7604df39a4005c0bc4b754fb1ddd6c44ccfd5edd,278
241_2.jpg,241_2.provenance.json,1a59505eb62a1e42d922eb6dd97834aa11ab03476317f7ea7dd3d41fa063b767,278
242_0.jpg,242_0.provenance.json,a4c9f063a03f199c9e7d297d7c37d9bb14419ba52078f9c8c43aea9070994f0b,278
243_0.jpg,243_0.provenance.json,ee3d665144baf94a53655388de57fb7b00ae94878110d0bd1f0d6e80f14da2b9,278
243_1.jpg,243_1.provenance.json,1afb5331299f5c0624829752fa622da77e89fc76b0fc83882f28f6111c4fdb82,278
244_0.jpg,244_0.provenance.json,e83bd203d579e5c02dd5562d8ad6cb2b1b47a6673cc983774559384784d4c872,278
244_1.jpg,244_1.provenance.json,7bdb5cf16efad281c8dc491f019a0634b217918ea78ef5b218ec8ce4ce1e08b1,278
245_0.jpg,245_0.provenance.json,09708a3bf77d96266565a0f01031ac86ddb969f1da7974c553b0a37437830f6a,278
245_1.jpg,245_1.provenance.json,831fc5a70b59af1c772058297426e106fa9bd8e31856bfeb80837393aa923db1,278
245_2.jpg,245_2.provenance.json,005036cdac995546675996887c9921f745351a996ade1cc728dd4abcb2aee13a,278
246_0.jpg,246_0.provenance.json,e9e59fc1cae9dcea2d3493ab9f79942177b204c292814378aea0753a1d6c0bd4,278
247_0.jpg,247_0.provenance.json,9e90c0317e2313b3aae8dc9dd57861177e979765ebd09a17639376b0477c0a07,278
247_1.jpg,247_1.provenance.json,db423c50aac3bc749188ec7dad79b0c5dfe40ebd3a0837a424616f20cbe7a66b,278
248_0.jpg,248_0.provenance.json,d267342e601ddf3a1f2a85167c22b5baacfff41b61af36fa33a976414f0232ec,278
249_0.jpg,249_0.provenance.json,bfbc969d3a6a1d0a9f3152a538085552d853ec06df83ac236737cb2b74a69487,278
249_1.jpg,249_1.provenance.json,a3de925e7ba8efd39340ffd8781faea489c1dae8e1e7cbd34792cff2f03008d2,278
249_2.jpg,249_2.provenance.json,8ab72f1e9ad50b0dff0120bf935c59d70d8ec41d4c42e39e47c57f0cdc407498,278
249_3.jpg,249_3.provenance.json,80c8b087ed5889088a45ae53a512afe2f2e87558eb3913673ff33e895bf91c5f,278
250_0.jpg,250_0.provenance.json,386d2aa6441aaf58ae099ff1952bd261d0409e68496b36dd128182fa5765d4e1,278
250_1.jpg,250_1.provenance.json,7f4519702690af9f340b81a775ee3e10389b8dbbcc00925768a0b44453d48e5d,278
251_0.jpg,251_0.provenance.json,c12aa03db636315c80dd3eb3d7c9a19460df0c2adf3e689384067431a018197c,278
252_0.jpg,252_0.provenance.json,d8e8e62d6241daca06256852110634e5b100763f8a8ed3beaa7e5cc8791ae233,278
252_1.jpg,252_1.provenance.json,ab36093f8a3930ac76a8d617f9b9fb98dc945bff615fa66ef619962fe81afea7,278
253_0.jpg,253_0.provenance.json,b2c766617f63d1460f6e184b00ed8384af6e214d9cfa1d80ea004a6c18b6c9a1,278
253_1.jpg,253_1.provenance.json,1f52416815b0b210c3203445913b2b72561cdc8abd7c3aff181bab631c7f25de,278
253_2.jpg,253_2.provenance.json,e19fee1afb85ed95bcb27c169a262c6966faa1697d510e22da0c15ba80fa05f9,278
254_0.jpg,254_0.provenance.json,cf3463c5f0452078e587d98d6eeac029e7cae99b8e2fa358ec6fbf1a4b5ecb4a,278
255_0.jpg,255_0.provenance.json,2697d58833bdd57245d5567377060249d0228e15d217a8a08c17cb89464e8499,278
255_1.jpg,255_1.provenance.json,298d24e4bcf7f0884dd927b1524ef64434d4bd70221186c73dffd10891b8b0b8,278
255_2.jpg,255_2.provenance.json,c1d45400c74ed53941283ff2174a03ae87f4848d8aa76b870b549f840f895f47,278
256_0.jpg,256_0.provenance.json,d79714b5199f7875155364a155954cd1ba1ecd604a52f2f871801c72592d7cfc,278
256_1.jpg,256_1.provenance.json,14739a0e2bec195f54ba92d47cabb5e3ce2621b5d16e61f61ca8ab3a625fad96,278
257_0.jpg,257_0.provenance.json,4941c6056f418f908e1c9b05211fafffeb57f90523bcc8b72acb202566f75a50,278
257_1.jpg,257_1.provenance.json,dac5b992b5408658f1ac59f9066bf9f84a4db49a8d704fe48e88adb33de537e1,278
258_0.jpg,258_0.provenance.json,53a3e3fbc124415ac6f13025143f9311ff6a4c458815107a7debcf6398408a19,278
258_1.jpg,258_1.provenance.json,d280e02631a8534fe9631f5106a2924bc104c18014fd4ed58ee9e94caa574f06,278
259_0.jpg,259_0.provenance.json,eade798cc534f0792a4af6a7e46aacd3bfc84602aec4b6ace3b58ec454cd97d7,278
259_1.jpg,259_1.provenance.json,1612faa2ace6719a4c5753e4d448cd91d5044e5b73d7aa3fb38c6ef278819209,278
259_2.jpg,259_2.provenance.json,4d6ee9cd0db86ff1e981ef302ce2aec8224c5a4eb6a010bc264b6805e192be8c,278
259_3.jpg,259_3.provenance.json,4d92537acfa731cfd6affd996b038fcd4738e7094426758ba293f53f5f35fe44,278
259_4.jpg,259_4.provenance.json,c79bcbe64bd4d41b5e155c4c296a16cdcc7ea3f6041b1c9cc0584bec433a94f7,278
259_5.jpg,259_5.provenance.json,75c559086f9d887cbdd50023852c04d29eb37cfca04be38747e2c5f0218e9949,278
260_0.jpg,260_0.provenance.json,8b302ef5563379ea3e7c4edecea2dbdf79cf1b6c258216a3d692ff60d98cf80d,278
261_0.jpg,261_0.provenance.json,4cb6ab73c62eca32ba9a5cb89f1dc5c5a5fc1f61bb126adefe6e5e52841b5fe1,278
261_1.jpg,261_1.provenance.json,1fff940e6354ffb18c90e360784eb37d7a8c02aa5daa838ec97c113d3f0c3064,278
262_0.jpg,262_0.provenance.json,cbc1c4f2fa5ef399a32c0c7bea2560b875aea25be792219be4c888f4d46065bf,278
263_0.jpg,263_0.provenance.json,607d1d3664f9991053c46341ee314f5ad94d168fdd2ad41063a9ece7b0b412c0,278
264_0.jpg,264_0.provenance.json,079efb1bb4407c58e5a6790a45b3a49d4dd38fd5055645a619baa715fca63169,278
265_0.jpg,265_0.provenance.json,6b43810dfaf24d3e04a5774d4cb4cd80518a3b187c6e234aca055de19494807b,278
265_1.jpg,265_1.provenance.json,ec990ab6b1877708c3a7a477f477dd58891d4bbade5d83198e8e3caa11a3efcc,278
266_0.jpg,266_0.provenance.json,b51d9ba83aa5ee3b28ef6d7c3c4844a05f05c70242511267b1a793453e26af62,278
267_0.jpg,267_0.provenance.json,50f77cc1f04d65ae8dae2eacda63fd78dde1ae62ddb92fbacbf1e20da0f0f89f,278
268_0.jpg,268_0.provenance.json,48f81ad1ca7cf66c7950306fb05e348f0b4462aed540f7ad7eb9ffeb872e7e31,278
269_0.jpg,269_0.provenance.json,a6ca2771065dba9e13902ced9dc87a298b3260bb55b6581e59e5202938184612,278
269_1.jpg,269_1.provenance.json,6f165e8243c89bf08144fa7746c78c0e85175909aacc5bde7b4590fbdaa15156,278
270_0.jpg,270_0.provenance.json,6da1f650c707f7935a5642d5ea15b47a23f3065815ded963a18415345dd333c7,278
270_1.jpg,270_1.provenance.json,283d52c1dbd0feca24fd41c49e9f3762e484f18dc2b5b7c50bcbb1d31c467152,278
271_0.jpg,271_0.provenance.json,eca3bed7a8ae5063538f405a16e7d0647aefe0d5a76816268c0bfe9f008cd39f,278
272_0.jpg,272_0.provenance.json,5f9202ed22b96177bfe6038fff91baf5342068442a540a6561a52ae44c180324,278
272_1.jpg,272_1.provenance.json,c75ac243aa6777869dec4ab52135dddf5008d852aabbe90dd7af513a5ff56455,278
273_0.jpg,273_0.provenance.json,3aa71574c8bad0eda64a12d0fbfe6920cfb4fedf882904ac468d8827d08616c8,278
274_0.jpg,274_0.provenance.json,9b1e889b5cb9ef24e2dde6747f8df47391301959740567874c95b952301edcbd,278
275_0.jpg,275_0.provenance.json,3e192ab439734c32727f143f51e0231924028f6fa0a9414467506c2a53b0f79e,278
275_1.jpg,275_1.provenance.json,ea053a839495f220fc26beacc68f13646479150c6e25c59cde310730031cb431,278
275_2.jpg,275_2.provenance.json,d7e7e19f67fb4b1e55362ca7a9ba512f75a07bdf349f27465a4a52a50f904ade,278
276_0.jpg,276_0.provenance.json,fbbb8ccf49d3b0b9af7131df3c854d52e3ead17f45a3c54f64cb18bcb8d4bd42,278
276_1.jpg,276_1.provenance.json,a7f91fa01b931c1349ab5fb9f417a58bc906c6f424986c88e11f76c3192b6d5a,278
276_2.jpg,276_2.provenance.json,bc458bc09255f574bd979e47ead2a8632c07b95d693d16ef0635bb55f9a2fe0e,278
277_0.jpg,277_0.provenance.json,5eac0ad33425c6bdb1eff5d8f4169ff8fa059e2a22dcb0a07938ff82773164b6,278
277_1.jpg,277_1.provenance.json,f2f2aaffe4f874cf9663c62485a393d57213a9d4708810993374a4d0dff3c966,278
277_2.jpg,277_2.provenance.json,29bb457c5ca584f0abdc6a9dd4c5ff755c7ab2e46df4066f9b43f306c4299cfa,278
278_0.jpg,278_0.provenance.json,368b7b906ad5ec0a136bf9c889119d2f2f368a0220bfc5f627897eed34006840,278
278_1.jpg,278_1.provenance.json,84b923b93792935d406d5c3c8afdf94feea8c4fc275b72c9698513153faa9ddb,278
279_0.jpg,279_0.provenance.json,92fe0d1073997eac67136e8d1b857f81c85f84a29fec8fddfaaa4c163ffadfa7,278
279_1.jpg,279_1.provenance.json,64a4cbe3d612efb923f36c0da857352ea7349b3d6e12b9444ea325cb8ea3ccdc,278
280_0.jpg,280_0.provenance.json,180aec418d8b97e19c84d25228fbd83f0235c7fbe5b1bc959a9521619cee8fc8,278
280_1.jpg,280_1.provenance.json,f38213913188e73571e09e88bbcdc6f2ee96752cadec0507c962e5f66bc4e4f1,278
281_0.jpg,281_0.provenance.json,364548837e8165ac79f4c71ea280af7dbc49749f90534c6ff59ef304893dac9e,278
281_1.jpg,281_1.provenance.json,18006441b52a585376c7510238aa949e2a4d3a8e5634f1ce4bb84d0f2e875cd2,278
282_0.jpg,282_0.provenance.json,aa61ecc2435ed4b11128b68827d18929c2460cfd78c9a4a620413a5306a16adc,278
282_1.jpg,282_1.provenance.json,92814d664134b55b289de2d5e81ff89c60f8de6237649fd14baf49987314324f,278
283_0.jpg,283_0.provenance.json,7b621c0d7fad84d11a64f4e79115d503923923b89438472b66ecf0ad24059bfd,278
283_1.jpg,283_1.provenance.json,47f2137a2117e095812fd9fa8979b084d98f31db6fb6f652923123ee531068c9,278
284_0.jpg,284_0.provenance.json,931bf055ac1cc401e490ff9749db0921e70b454294f786600fdd018a09c6df0c,278
284_1.jpg,284_1.provenance.json,cfaba250bd1f289fedb08c1341f8864ce80d8d2372c7ca7aa5cfca6bca619317,278
285_0.jpg,285_0.provenance.json,c2d9fb636aca5910a56225f7fcec79245863e765f68afd0f6d7fe2d51470bc2f,278
286_0.jpg,286_0.provenance.json,d9f49664df4406100c4cacefb2b0097e321d725d4fad3dc1226296a2f00988b4,278
286_1.jpg,286_1.provenance.json,5ab04305aaca89448f6a25a1aa41ca1f28c1a26ca781b0af67d31db1b0be81fe,278
287_0.jpg,287_0.provenance.json,1c8c60330214cb953eda0c3129098d527f0c3c7c0e540d59c1b9ca4e9baaf4aa,278
287_1.jpg,287_1.provenance.json,0e4ed7ffa48c7853b48d85fe0ab9c93859cfdb00ef1f5d06858929c432150550,278
288_0.jpg,288_0.provenance.json,c0e7d0887d1dff963716443333438ba6b6b2cac6ce58566a2601b16bc468984d,278
