record_index,provenance_file,algorithm,signature_bytes,sign_ok,original_verify_rc,label_verify_rc,label_detected,quality_verify_rc,quality_detected,identifier_verify_rc,identifier_detected,technical_error
1,0_0.provenance.json,ECDSA_P256_SHA256,70,1,1,0,1,0,1,0,1,0
2,1_0.provenance.json,ECDSA_P256_SHA256,70,1,1,0,1,0,1,0,1,0
3,1_1.provenance.json,ECDSA_P256_SHA256,71,1,1,0,1,0,1,0,1,0
4,2_0.provenance.json,ECDSA_P256_SHA256,72,1,1,0,1,0,1,0,1,0
5,2_1.provenance.json,ECDSA_P256_SHA256,71,1,1,0,1,0,1,0,1,0
6,3_0.provenance.json,ECDSA_P256_SHA256,72,1,1,0,1,0,1,0,1,0
7,3_1.provenance.json,ECDSA_P256_SHA256,72,1,1,0,1,0,1,0,1,0
8,4_0.provenance.json,ECDSA_P256_SHA256,71,1,1,0,1,0,1,0,1,0
9,5_0.provenance.json,ECDSA_P256_SHA256,72,1,1,0,1,0,1,0,1,0
10,5_1.provenance.json,ECDSA_P256_SHA256,71,1,1,0,1,0,1,0,1,0
11,6_0.provenance.json,ECDSA_P256_SHA256,71,1,1,0,1,0,1,0,1,0
12,6_1.provenance.json,ECDSA_P256_SHA256,70,1,1,0,1,0,1,0,1,0
13,7_0.provenance.json,ECDSA_P256_SHA256,70,1,1,0,1,0,1,0,1,0
14,8_0.provenance.json,ECDSA_P256_SHA256,71,1,1,0,1,0,1,0,1,0
15,8_1.provenance.json,ECDSA_P256_SHA256,71,1,1,0,1,0,1,0,1,0
16,8_2.provenance.json,ECDSA_P256_SHA256,72,1,1,0,1,0,1,0,1,0
17,8_3.provenance.json,ECDSA_P256_SHA256,72,1,1,0,1,0,1,0,1,0
18,9_0.provenance.json,ECDSA_P256_SHA256,72,1,1,0,1,0,1,0,1,0
19,9_1.provenance.json,ECDSA_P256_SHA256,70,1,1,0,1,0,1,0,1,0
20,10_0.provenance.json,ECDSA_P256_SHA256,72,1,1,0,1,0,1,0,1,0
21,10_1.provenance.json,ECDSA_P256_SHA256,71,1,1,0,1,0,1,0,1,0
22,10_2.provenance.json,ECDSA_P256_SHA256,71,1,1,0,1,0,1,0,1,0
23,11_0.provenance.json,ECDSA_P256_SHA256,71,1,1,0,1,0,1,0,1,0
24,12_0.provenance.json,ECDSA_P256_SHA256,71,1,1,0,1,0,1,0,1,0
25,12_1.provenance.json,ECDSA_P256_SHA256,71,1,1,0,1,0,1,0,1,0
26,12_2.provenance.json,ECDSA_P256_SHA256,72,1,1,0,1,0,1,0,1,0
27,12_3.provenance.json,ECDSA_P256_SHA256,72,1,1,0,1,0,1,0,1,0
28,12_4.provenance.json,ECDSA_P256_SHA256,72,1,1,0,1,0,1,0,1,0
29,13_0.provenance.json,ECDSA_P256_SHA256,71,1,1,0,1,0,1,0,1,0
30,13_1.provenance.json,ECDSA_P256_SHA256,70,1,1,0,1,0,1,0,1,0
31,14_0.provenance.json,ECDSA_P256_SHA256,70,1,1,0,1,0,1,0,1,0
32,14_1.provenance.json,ECDSA_P256_SHA256,71,1,1,0,1,0,1,0,1,0
33,15_0.provenance.json,ECDSA_P256_SHA256,71,1,1,0,1,0,1,0,1,0
34,16_0.provenance.json,ECDSA_P256_SHA256,72,1,1,0,1,0,1,0,1,0
35,16_1.provenance.json,ECDSA_P256_SHA256,71,1,1,0,1,0,1,0,1,0
36,16_2.provenance.json,ECDSA_P256_SHA256,71,1,1,0,1,0,1,0,1,0
37,16_3.provenance.json,ECDSA_P256_SHA256,72,1,1,0,1,0,1,0,1,0
38,16_4.provenance.json,ECDSA_P256_SHA256,71,1,1,0,1,0,1,0,1,0
39,17_0.provenance.json,ECDSA_P256_SHA256,71,1,1,0,1,0,1,0,1,0
40,17_1.provenance.json,ECDSA_P256_SHA256,71,1,1,0,1,0,1,0,1,0
41,17_2.provenance.json,ECDSA_P256_SHA256,70,1,1,0,1,0,1,0,1,0
42,17_3.provenance.json,ECDSA_P256_SHA256,71,1,1,0,1,0,1,0,1,0
43,17_4.provenance.json,ECDSA_P256_SHA256,72,1,1,0,1,0,1,0,1,0
44,17_5.provenance.json,ECDSA_P256_SHA256,70,1,1,0,1,0,1,0,1,0
45,18_0.provenance.json,ECDSA_P256_SHA256,70,1,1,0,1,0,1,0,1,0
46,18_1.provenance.json,ECDSA_P256_SHA256,71,1,1,0,1,0,1,0,1,0
47,18_2.provenance.json,ECDSA_P256_SHA256,70,1,1,0,1,0,1,0,1,0
48,18_3.provenance.json,ECDSA_P256_SHA256,72,1,1,0,1,0,1,0,1,0
49,18_4.provenance.json,ECDSA_P256_SHA256,71,1,1,0,1,0,1,0,1,0
50,19_0.provenance.json,ECDSA_P256_SHA256,71,1,1,0,1,0,1,0,1,0
51,20_0.provenance.json,ECDSA_P256_SHA256,70,1,1,0,1,0,1,0,1,0
52,20_1.provenance.json,ECDSA_P256_SHA256,72,1,1,0,1,0,1,0,1,0
53,21_0.provenance.json,ECDSA_P256_SHA256,71,1,1,0,1,0,1,0,1,0
54,21_1.provenance.json,ECDSA_P256_SHA256,72,1,1,0,1,0,1,0,1,0
55,22_0.provenance.json,ECDSA_P256_SHA256,70,1,1,0,1,0,1,0,1,0
56,22_1.provenance.json,ECDSA_P256_SHA256,72,1,1,0,1,0,1,0,1,0
57,23_0.provenance.json,ECDSA_P256_SHA256,72,1,1,0,1,0,1,0,1,0
58,23_1.provenance.json,ECDSA_P256_SHA256,71,1,1,0,1,0,1,0,1,0
59,24_0.provenance.json,ECDSA_P256_SHA256,71,1,1,0,1,0,1,0,1,0
60,25_0.provenance.json,ECDSA_P256_SHA256,70,1,1,0,1,0,1,0,1,0
61,25_1.provenance.json,ECDSA_P256_SHA256,71,1,1,0,1,0,1,0,1,0
62,26_0.provenance.json,ECDSA_P256_SHA256,71,1,1,0,1,0,1,0,1,0
63,26_1.provenance.json,ECDSA_P256_SHA256,71,1,1,0,1,0,1,0,1,0
64,27_0.provenance.json,ECDSA_P256_SHA256,72,1,1,0,1,0,1,0,1,0
65,27_1.provenance.json,ECDSA_P256_SHA256,71,1,1,0,1,0,1,0,1,0
66,28_0.provenance.json,ECDSA_P256_SHA256,71,1,1,0,1,0,1,0,1,0
67,28_1.provenance.json,ECDSA_P256_SHA256,72,1,1,0,1,0,1,0,1,0
68,28_2.provenance.json,ECDSA_P256_SHA256,70,1,1,0,1,0,1,0,1,0
69,28_3.provenance.json,ECDSA_P256_SHA256,71,1,1,0,1,0,1,0,1,0
70,29_0.provenance.json,ECDSA_P256_SHA256,70,1,1,0,1,0,1,0,1,0
71,29_1.provenance.json,ECDSA_P256_SHA256,70,1,1,0,1,0,1,0,1,0
72,29_2.provenance.json,ECDSA_P256_SHA256,72,1,1,0,1,0,1,0,1,0
73,30_0.provenance.json,ECDSA_P256_SHA256,71,1,1,0,1,0,1,0,1,0
74,31_0.provenance.json,ECDSA_P256_SHA256,72,1,1,0,1,0,1,0,1,0
75,31_1.provenance.json,ECDSA_P256_SHA256,70,1,1,0,1,0,1,0,1,0
76,31_2.provenance.json,ECDSA_P256_SHA256,72,1,1,0,1,0,1,0,1,0
77,31_3.provenance.json,ECDSA_P256_SHA256,70,1,1,0,1,0,1,0,1,0
78,31_4.provenance.json,ECDSA_P256_SHA256,71,1,1,0,1,0,1,0,1,0
79,31_5.provenance.json,ECDSA_P256_SHA256,72,1,1,0,1,0,1,0,1,0
80,31_6.provenance.json,ECDSA_P256_SHA256,72,1,1,0,1,0,1,0,1,0
81,32_0.provenance.json,ECDSA_P256_SHA256,70,1,1,0,1,0,1,0,1,0
82,32_1.provenance.json,ECDSA_P256_SHA256,70,1,1,0,1,0,1,0,1,0
83,32_2.provenance.json,ECDSA_P256_SHA256,71,1,1,0,1,0,1,0,1,0
84,33_0.provenance.json,ECDSA_P256_SHA256,70,1,1,0,1,0,1,0,1,0
85,33_1.provenance.json,ECDSA_P256_SHA256,70,1,1,0,1,0,1,0,1,0
86,34_0.provenance.json,ECDSA_P256_SHA256,72,1,1,0,1,0,1,0,1,0
87,34_1.provenance.json,ECDSA_P256_SHA256,70,1,1,0,1,0,1,0,1,0
88,34_2.provenance.json,ECDSA_P256_SHA256,71,1,1,0,1,0,1,0,1,0
89,34_3.provenance.json,ECDSA_P256_SHA256,70,1,1,0,1,0,1,0,1,0
90,35_0.provenance.json,ECDSA_P256_SHA256,70,1,1,0,1,0,1,0,1,0
91,35_1.provenance.json,ECDSA_P256_SHA256,71,1,1,0,1,0,1,0,1,0
92,36_0.provenance.json,ECDSA_P256_SHA256,72,1,1,0,1,0,1,0,1,0
93,36_1.provenance.json,ECDSA_P256_SHA256,71,1,1,0,1,0,1,0,1,0
94,36_2.provenance.json,ECDSA_P256_SHA256,72,1,1,0,1,0,1,0,1,0
95,36_3.provenance.json,ECDSA_P256_SHA256,72,1,1,0,1,0,1,0,1,0
96,36_4.provenance.json,ECDSA_P256_SHA256,71,1,1,0,1,0,1,0,1,0
97,36_5.provenance.json,ECDSA_P256_SHA256,72,1,1,0,1,0,1,0,1,0
98,36_6.provenance.json,ECDSA_P256_SHA256,72,1,1,0,1,0,1,0,1,0
99,36_7.provenance.json,ECDSA_P256_SHA256,71,1,1,0,1,0,1,0,1,0
100,36_8.provenance.json,ECDSA_P256_SHA256,71,1,1,0,1,0,1,0,1,0
101,36_9.provenance.json,ECDSA_P256_SHA256,72,1,1,0,1,0,1,0,1,0
102,36_10.provenance.json,ECDSA_P256_SHA256,71,1,1,0,1,0,1,0,1,0
103,36_11.provenance.json,ECDSA_P256_SHA256,71,1,1,0,1,0,1,0,1,0
104,37_0.provenance.json,ECDSA_P256_SHA256,72,1,1,0,1,0,1,0,1,0
105,38_0.provenance.json,ECDSA_P256_SHA256,70,1,1,0,1,0,1,0,1,0
106,39_0.provenance.json,ECDSA_P256_SHA256,71,1,1,0,1,0,1,0,1,0
107,39_1.provenance.json,ECDSA_P256_SHA256,71,1,1,0,1,0,1,0,1,0
108,39_2.provenance.json,ECDSA_P256_SHA256,72,1,1,0,1,0,1,0,1,0
109,39_3.provenance.json,ECDSA_P256_SHA256,71,1,1,0,1,0,1,0,1,0
110,40_0.provenance.json,ECDSA_P256_SHA256,72,1,1,0,1,0,1,0,1,0
111,40_1.provenance.json,ECDSA_P256_SHA256,71,1,1,0,1,0,1,0,1,0
112,41_0.provenance.json,ECDSA_P256_SHA256,72,1,1,0,1,0,1,0,1,0
113,42_0.provenance.json,ECDSA_P256_SHA256,71,1,1,0,1,0,1,0,1,0
114,42_1.provenance.json,ECDSA_P256_SHA256,72,1,1,0,1,0,1,0,1,0
115,42_2.provenance.json,ECDSA_P256_SHA256,71,1,1,0,1,0,1,0,1,0
116,42_3.provenance.json,ECDSA_P256_SHA256,71,1,1,0,1,0,1,0,1,0
117,43_0.provenance.json,ECDSA_P256_SHA256,71,1,1,0,1,0,1,0,1,0
118,43_1.provenance.json,ECDSA_P256_SHA256,70,1,1,0,1,0,1,0,1,0
119,43_2.provenance.json,ECDSA_P256_SHA256,70,1,1,0,1,0,1,0,1,0
120,43_3.provenance.json,ECDSA_P256_SHA256,71,1,1,0,1,0,1,0,1,0
121,44_0.provenance.json,ECDSA_P256_SHA256,71,1,1,0,1,0,1,0,1,0
122,44_1.provenance.json,ECDSA_P256_SHA256,71,1,1,0,1,0,1,0,1,0
123,44_2.provenance.json,ECDSA_P256_SHA256,71,1,1,0,1,0,1,0,1,0
124,44_3.provenance.json,ECDSA_P256_SHA256,72,1,1,0,1,0,1,0,1,0
125,44_4.provenance.json,ECDSA_P256_SHA256,70,1,1,0,1,0,1,0,1,0
126,44_5.provenance.json,ECDSA_P256_SHA256,70,1,1,0,1,0,1,0,1,0
127,44_6.provenance.json,ECDSA_P256_SHA256,70,1,1,0,1,0,1,0,1,0
128,45_0.provenance.json,ECDSA_P256_SHA256,71,1,1,0,1,0,1,0,1,0
129,46_0.provenance.json,ECDSA_P256_SHA256,70,1,1,0,1,0,1,0,1,0
130,46_1.provenance.json,ECDSA_P256_SHA256,70,1,1,0,1,0,1,0,1,0
131,47_0.provenance.json,ECDSA_P256_SHA256,71,1,1,0,1,0,1,0,1,0
132,47_1.provenance.json,ECDSA_P256_SHA256,72,1,1,0,1,0,1,0,1,0
133,47_2.provenance.json,ECDSA_P256_SHA256,72,1,1,0,1,0,1,0,1,0
134,47_3.provenance.json,ECDSA_P256_SHA256,71,1,1,0,1,0,1,0,1,0
135,47_4.provenance.json,ECDSA_P256_SHA256,72,1,1,0,1,0,1,0,1,0
136,47_5.provenance.json,ECDSA_P256_SHA256,72,1,1,0,1,0,1,0,1,0
137,47_6.provenance.json,ECDSA_P256_SHA256,71,1,1,0,1,0,1,0,1,0
138,47_7.provenance.json,ECDSA_P256_SHA256,70,1,1,0,1,0,1,0,1,0
139,48_0.provenance.json,ECDSA_P256_SHA256,71,1,1,0,1,0,1,0,1,0
140,49_0.provenance.json,ECDSA_P256_SHA256,72,1,1,0,1,0,1,0,1,0
141,49_1.provenance.json,ECDSA_P256_SHA256,71,1,1,0,1,0,1,0,1,0
142,50_0.provenance.json,ECDSA_P256_SHA256,72,1,1,0,1,0,1,0,1,0
143,50_1.provenance.json,ECDSA_P256_SHA256,71,1,1,0,1,0,1,0,1,0
144,50_2.provenance.json,ECDSA_P256_SHA256,71,1,1,0,1,0,1,0,1,0
145,51_0.provenance.json,ECDSA_P256_SHA256,72,1,1,0,1,0,1,0,1,0
146,52_0.provenance.json,ECDSA_P256_SHA256,71,1,1,0,1,0,1,0,1,0
147,52_1.provenance.json,ECDSA_P256_SHA256,70,1,1,0,1,0,1,0,1,0
148,53_0.provenance.json,ECDSA_P256_SHA256,70,1,1,0,1,0,1,0,1,0
149,53_1.provenance.json,ECDSA_P256_SHA256,71,1,1,0,1,0,1,0,1,0
150,53_2.provenance.json,ECDSA_P256_SHA256,72,1,1,0,1,0,1,0,1,0
151,53_3.provenance.json,ECDSA_P256_SHA256,71,1,1,0,1,0,1,0,1,0
152,53_4.provenance.json,ECDSA_P256_SHA256,71,1,1,0,1,0,1,0,1,0
153,54_0.provenance.json,ECDSA_P256_SHA256,71,1,1,0,1,0,1,0,1,0
154,54_1.provenance.json,ECDSA_P256_SHA256,71,1,1,0,1,0,1,0,1,0
155,54_2.provenance.json,ECDSA_P256_SHA256,70,1,1,0,1,0,1,0,1,0
156,54_3.provenance.json,ECDSA_P256_SHA256,71,1,1,0,1,0,1,0,1,0
157,55_0.provenance.json,ECDSA_P256_SHA256,72,1,1,0,1,0,1,0,1,0
158,55_1.provenance.json,ECDSA_P256_SHA256,70,1,1,0,1,0,1,0,1,0
159,55_2.provenance.json,ECDSA_P256_SHA256,71,1,1,0,1,0,1,0,1,0
160,55_3.provenance.json,ECDSA_P256_SHA256,71,1,1,0,1,0,1,0,1,0
161,55_4.provenance.json,ECDSA_P256_SHA256,72,1,1,0,1,0,1,0,1,0
162,56_0.provenance.json,ECDSA_P256_SHA256,71,1,1,0,1,0,1,0,1,0
163,56_1.provenance.json,ECDSA_P256_SHA256,72,1,1,0,1,0,1,0,1,0
164,56_2.provenance.json,ECDSA_P256_SHA256,72,1,1,0,1,0,1,0,1,0
165,56_3.provenance.json,ECDSA_P256_SHA256,71,1,1,0,1,0,1,0,1,0
166,57_0.provenance.json,ECDSA_P256_SHA256,70,1,1,0,1,0,1,0,1,0
167,57_1.provenance.json,ECDSA_P256_SHA256,71,1,1,0,1,0,1,0,1,0
168,57_2.provenance.json,ECDSA_P256_SHA256,71,1,1,0,1,0,1,0,1,0
169,58_0.provenance.json,ECDSA_P256_SHA256,71,1,1,0,1,0,1,0,1,0
170,58_1.provenance.json,ECDSA_P256_SHA256,70,1,1,0,1,0,1,0,1,0
171,58_2.provenance.json,ECDSA_P256_SHA256,71,1,1,0,1,0,1,0,1,0
172,59_0.provenance.json,ECDSA_P256_SHA256,72,1,1,0,1,0,1,0,1,0
173,59_1.provenance.json,ECDSA_P256_SHA256,72,1,1,0,1,0,1,0,1,0
174,60_0.provenance.json,ECDSA_P256_SHA256,70,1,1,0,1,0,1,0,1,0
175,61_0.provenance.json,ECDSA_P256_SHA256,70,1,1,0,1,0,1,0,1,0
176,61_1.provenance.json,ECDSA_P256_SHA256,71,1,1,0,1,0,1,0,1,0
177,61_2.provenance.json,ECDSA_P256_SHA256,71,1,1,0,1,0,1,0,1,0
178,61_3.provenance.json,ECDSA_P256_SHA256,70,1,1,0,1,0,1,0,1,0
179,61_4.provenance.json,ECDSA_P256_SHA256,72,1,1,0,1,0,1,0,1,0
180,62_0.provenance.json,ECDSA_P256_SHA256,70,1,1,0,1,0,1,0,1,0
181,62_1.provenance.json,ECDSA_P256_SHA256,72,1,1,0,1,0,1,0,1,0
182,62_2.provenance.json,ECDSA_P256_SHA256,71,1,1,0,1,0,1,0,1,0
183,62_3.provenance.json,ECDSA_P256_SHA256,71,1,1,0,1,0,1,0,1,0
184,62_4.provenance.json,ECDSA_P256_SHA256,72,1,1,0,1,0,1,0,1,0
185,62_5.provenance.json,ECDSA_P256_SHA256,72,1,1,0,1,0,1,0,1,0
186,63_0.provenance.json,ECDSA_P256_SHA256,72,1,1,0,1,0,1,0,1,0
187,63_1.provenance.json,ECDSA_P256_SHA256,71,1,1,0,1,0,1,0,1,0
188,63_2.provenance.json,ECDSA_P256_SHA256,71,1,1,0,1,0,1,0,1,0
189,63_3.provenance.json,ECDSA_P256_SHA256,71,1,1,0,1,0,1,0,1,0
190,63_4.provenance.json,ECDSA_P256_SHA256,72,1,1,0,1,0,1,0,1,0
191,63_5.provenance.json,ECDSA_P256_SHA256,71,1,1,0,1,0,1,0,1,0
192,63_6.provenance.json,ECDSA_P256_SHA256,72,1,1,0,1,0,1,0,1,0
193,64_0.provenance.json,ECDSA_P256_SHA256,71,1,1,0,1,0,1,0,1,0
194,64_1.provenance.json,ECDSA_P256_SHA256,70,1,1,0,1,0,1,0,1,0
195,64_2.provenance.json,ECDSA_P256_SHA256,72,1,1,0,1,0,1,0,1,0
196,64_3.provenance.json,ECDSA_P256_SHA256,70,1,1,0,1,0,1,0,1,0
197,64_4.provenance.json,ECDSA_P256_SHA256,70,1,1,0,1,0,1,0,1,0
198,65_0.provenance.json,ECDSA_P256_SHA256,71,1,1,0,1,0,1,0,1,0
199,65_1.provenance.json,ECDSA_P256_SHA256,71,1,1,0,1,0,1,0,1,0
200,65_2.provenance.json,ECDSA_P256_SHA256,70,1,1,0,1,0,1,0,1,0
201,65_3.provenance.json,ECDSA_P256_SHA256,71,1,1,0,1,0,1,0,1,0
202,65_4.provenance.json,ECDSA_P256_SHA256,70,1,1,0,1,0,1,0,1,0
203,65_5.provenance.json,ECDSA_P256_SHA256,71,1,1,0,1,0,1,0,1,0
204,65_6.provenance.json,ECDSA_P256_SHA256,70,1,1,0,1,0,1,0,1,0
205,65_7.provenance.json,ECDSA_P256_SHA256,71,1,1,0,1,0,1,0,1,0
206,66_0.provenance.json,ECDSA_P256_SHA256,70,1,1,0,1,0,1,0,1,0
207,66_1.provenance.json,ECDSA_P256_SHA256,71,1,1,0,1,0,1,0,1,0
208,66_2.provenance.json,ECDSA_P256_SHA256,72,1,1,0,1,0,1,0,1,0
209,66_3.provenance.json,ECDSA_P256_SHA256,72,1,1,0,1,0,1,0,1,0
210,66_4.provenance.json,ECDSA_P256_SHA256,70,1,1,0,1,0,1,0,1,0
211,66_5.provenance.json,ECDSA_P256_SHA256,71,1,1,0,1,0,1,0,1,0
212,67_0.provenance.json,ECDSA_P256_SHA256,72,1,1,0,1,0,1,0,1,0
213,68_0.provenance.json,ECDSA_P256_SHA256,71,1,1,0,1,0,1,0,1,0
214,68_1.provenance.json,ECDSA_P256_SHA256,71,1,1,0,1,0,1,0,1,0
215,69_0.provenance.json,ECDSA_P256_SHA256,70,1,1,0,1,0,1,0,1,0
216,69_1.provenance.json,ECDSA_P256_SHA256,72,1,1,0,1,0,1,0,1,0
217,70_0.provenance.json,ECDSA_P256_SHA256,71,1,1,0,1,0,1,0,1,0
218,70_1.provenance.json,ECDSA_P256_SHA256,71,1,1,0,1,0,1,0,1,0
219,70_2.provenance.json,ECDSA_P256_SHA256,72,1,1,0,1,0,1,0,1,0
220,71_0.provenance.json,ECDSA_P256_SHA256,70,1,1,0,1,0,1,0,1,0
221,71_1.provenance.json,ECDSA_P256_SHA256,70,1,1,0,1,0,1,0,1,0
222,72_0.provenance.json,ECDSA_P256_SHA256,70,1,1,0,1,0,1,0,1,0
223,72_1.provenance.json,ECDSA_P256_SHA256,70,1,1,0,1,0,1,0,1,0
224,72_2.provenance.json,ECDSA_P256_SHA256,71,1,1,0,1,0,1,0,1,0
225,72_3.provenance.json,ECDSA_P256_SHA256,71,1,1,0,1,0,1,0,1,0
226,73_0.provenance.json,ECDSA_P256_SHA256,71,1,1,0,1,0,1,0,1,0
227,73_1.provenance.json,ECDSA_P256_SHA256,71,1,1,0,1,0,1,0,1,0
228,73_2.provenance.json,ECDSA_P256_SHA256,70,1,1,0,1,0,1,0,1,0
229,73_3.provenance.json,ECDSA_P256_SHA256,72,1,1,0,1,0,1,0,1,0
230,74_0.provenance.json,ECDSA_P256_SHA256,70,1,1,0,1,0,1,0,1,0
231,74_1.provenance.json,ECDSA_P256_SHA256,72,1,1,0,1,0,1,0,1,0
232,75_0.provenance.json,ECDSA_P256_SHA256,72,1,1,0,1,0,1,0,1,0
233,75_1.provenance.json,ECDSA_P256_SHA256,71,1,1,0,1,0,1,0,1,0
234,75_2.provenance.json,ECDSA_P256_SHA256,70,1,1,0,1,0,1,0,1,0
235,76_0.provenance.json,ECDSA_P256_SHA256,72,1,1,0,1,0,1,0,1,0
236,76_1.provenance.json,ECDSA_P256_SHA256,70,1,1,0,1,0,1,0,1,0
237,77_0.provenance.json,ECDSA_P256_SHA256,70,1,1,0,1,0,1,0,1,0
238,77_1.provenance.json,ECDSA_P256_SHA256,71,1,1,0,1,0,1,0,1,0
239,77_2.provenance.json,ECDSA_P256_SHA256,71,1,1,0,1,0,1,0,1,0
240,77_3.provenance.json,ECDSA_P256_SHA256,71,1,1,0,1,0,1,0,1,0
241,78_0.provenance.json,ECDSA_P256_SHA256,71,1,1,0,1,0,1,0,1,0
242,78_1.provenance.json,ECDSA_P256_SHA256,71,1,1,0,1,0,1,0,1,0
243,79_0.provenance.json,ECDSA_P256_SHA256,72,1,1,0,1,0,1,0,1,0
244,79_1.provenance.json,ECDSA_P256_SHA256,72,1,1,0,1,0,1,0,1,0
245,80_0.provenance.json,ECDSA_P256_SHA256,71,1,1,0,1,0,1,0,1,0
246,80_1.provenance.json,ECDSA_P256_SHA256,72,1,1,0,1,0,1,0,1,0
247,80_2.provenance.json,ECDSA_P256_SHA256,71,1,1,0,1,0,1,0,1,0
248,81_0.provenance.json,ECDSA_P256_SHA256,70,1,1,0,1,0,1,0,1,0
249,81_1.provenance.json,ECDSA_P256_SHA256,70,1,1,0,1,0,1,0,1,0
250,81_2.provenance.json,ECDSA_P256_SHA256,71,1,1,0,1,0,1,0,1,0
251,82_0.provenance.json,ECDSA_P256_SHA256,72,1,1,0,1,0,1,0,1,0
252,82_1.provenance.json,ECDSA_P256_SHA256,70,1,1,0,1,0,1,0,1,0
253,83_0.provenance.json,ECDSA_P256_SHA256,72,1,1,0,1,0,1,0,1,0
254,83_1.provenance.json,ECDSA_P256_SHA256,71,1,1,0,1,0,1,0,1,0
255,84_0.provenance.json,ECDSA_P256_SHA256,71,1,1,0,1,0,1,0,1,0
256,84_1.provenance.json,ECDSA_P256_SHA256,70,1,1,0,1,0,1,0,1,0
257,85_0.provenance.json,ECDSA_P256_SHA256,72,1,1,0,1,0,1,0,1,0
258,86_0.provenance.json,ECDSA_P256_SHA256,72,1,1,0,1,0,1,0,1,0
259,86_1.provenance.json,ECDSA_P256_SHA256,71,1,1,0,1,0,1,0,1,0
260,87_0.provenance.json,ECDSA_P256_SHA256,70,1,1,0,1,0,1,0,1,0
261,87_1.provenance.json,ECDSA_P256_SHA256,71,1,1,0,1,0,1,0,1,0
262,87_2.provenance.json,ECDSA_P256_SHA256,71,1,1,0,1,0,1,0,1,0
263,87_3.provenance.json,ECDSA_P256_SHA256,72,1,1,0,1,0,1,0,1,0
264,87_4.provenance.json,ECDSA_P256_SHA256,70,1,1,0,1,0,1,0,1,0
265,87_5.provenance.json,ECDSA_P256_SHA256,72,1,1,0,1,0,1,0,1,0
266,87_6.provenance.json,ECDSA_P256_SHA256,71,1,1,0,1,0,1,0,1,0
267,88_0.provenance.json,ECDSA_P256_SHA256,70,1,1,0,1,0,1,0,1,0
268,89_0.provenance.json,ECDSA_P256_SHA256,71,1,1,0,1,0,1,0,1,0
269,90_0.provenance.json,ECDSA_P256_SHA256,71,1,1,0,1,0,1,0,1,0
270,91_0.provenance.json,ECDSA_P256_SHA256,70,1,1,0,1,0,1,0,1,0
271,91_1.provenance.json,ECDSA_P256_SHA256,71,1,1,0,1,0,1,0,1,0
272,91_2.provenance.json,ECDSA_P256_SHA256,71,1,1,0,1,0,1,0,1,0
273,91_3.provenance.json,ECDSA_P256_SHA256,72,1,1,0,1,0,1,0,1,0
274,91_4.provenance.json,ECDSA_P256_SHA256,70,1,1,0,1,0,1,0,1,0
275,91_5.provenance.json,ECDSA_P256_SHA256,71,1,1,0,1,0,1,0,1,0
276,91_6.provenance.json,ECDSA_P256_SHA256,70,1,1,0,1,0,1,0,1,0
277,91_7.provenance.json,ECDSA_P256_SHA256,72,1,1,0,1,0,1,0,1,0
278,92_0.provenance.json,ECDSA_P256_SHA256,70,1,1,0,1,0,1,0,1,0
279,92_1.provenance.json,ECDSA_P256_SHA256,71,1,1,0,1,0,1,0,1,0
280,93_0.provenance.json,ECDSA_P256_SHA256,72,1,1,0,1,0,1,0,1,0
281,93_1.provenance.json,ECDSA_P256_SHA256,71,1,1,0,1,0,1,0,1,0
282,94_0.provenance.json,ECDSA_P256_SHA256,72,1,1,0,1,0,1,0,1,0
283,94_1.provenance.json,ECDSA_P256_SHA256,71,1,1,0,1,0,1,0,1,0
284,94_2.provenance.json,ECDSA_P256_SHA256,70,1,1,0,1,0,1,0,1,0
285,94_3.provenance.json,ECDSA_P256_SHA256,71,1,1,0,1,0,1,0,1,0
286,95_0.provenance.json,ECDSA_P256_SHA256,71,1,1,0,1,0,1,0,1,0
287,95_1.provenance.json,ECDSA_P256_SHA256,71,1,1,0,1,0,1,0,1,0
288,96_0.provenance.json,ECDSA_P256_SHA256,72,1,1,0,1,0,1,0,1,0
289,96_1.provenance.json,ECDSA_P256_SHA256,71,1,1,0,1,0,1,0,1,0
290,96_2.provenance.json,ECDSA_P256_SHA256,72,1,1,0,1,0,1,0,1,0
291,97_0.provenance.json,ECDSA_P256_SHA256,72,1,1,0,1,0,1,0,1,0
292,98_0.provenance.json,ECDSA_P256_SHA256,71,1,1,0,1,0,1,0,1,0
293,99_0.provenance.json,ECDSA_P256_SHA256,71,1,1,0,1,0,1,0,1,0
294,99_1.provenance.json,ECDSA_P256_SHA256,70,1,1,0,1,0,1,0,1,0
295,99_2.provenance.json,ECDSA_P256_SHA256,70,1,1,0,1,0,1,0,1,0
296,99_3.provenance.json,ECDSA_P256_SHA256,71,1,1,0,1,0,1,0,1,0
297,99_4.provenance.json,ECDSA_P256_SHA256,72,1,1,0,1,0,1,0,1,0
298,99_5.provenance.json,ECDSA_P256_SHA256,72,1,1,0,1,0,1,0,1,0
299,100_0.provenance.json,ECDSA_P256_SHA256,71,1,1,0,1,0,1,0,1,0
300,100_1.provenance.json,ECDSA_P256_SHA256,72,1,1,0,1,0,1,0,1,0
301,100_2.provenance.json,ECDSA_P256_SHA256,71,1,1,0,1,0,1,0,1,0
302,100_3.provenance.json,ECDSA_P256_SHA256,72,1,1,0,1,0,1,0,1,0
303,100_4.provenance.json,ECDSA_P256_SHA256,70,1,1,0,1,0,1,0,1,0
304,100_5.provenance.json,ECDSA_P256_SHA256,71,1,1,0,1,0,1,0,1,0
305,100_6.provenance.json,ECDSA_P256_SHA256,70,1,1,0,1,0,1,0,1,0
306,100_7.provenance.json,ECDSA_P256_SHA256,71,1,1,0,1,0,1,0,1,0
307,100_8.provenance.json,ECDSA_P256_SHA256,70,1,1,0,1,0,1,0,1,0
308,100_9.provenance.json,ECDSA_P256_SHA256,71,1,1,0,1,0,1,0,1,0
309,101_0.provenance.json,ECDSA_P256_SHA256,71,1,1,0,1,0,1,0,1,0
310,102_0.provenance.json,ECDSA_P256_SHA256,71,1,1,0,1,0,1,0,1,0
311,102_1.provenance.json,ECDSA_P256_SHA256,72,1,1,0,1,0,1,0,1,0
312,103_0.provenance.json,ECDSA_P256_SHA256,71,1,1,0,1,0,1,0,1,0
313,103_1.provenance.json,ECDSA_P256_SHA256,70,1,1,0,1,0,1,0,1,0
314,104_0.provenance.json,ECDSA_P256_SHA256,70,1,1,0,1,0,1,0,1,0
315,104_1.provenance.json,ECDSA_P256_SHA256,71,1,1,0,1,0,1,0,1,0
316,104_2.provenance.json,ECDSA_P256_SHA256,72,1,1,0,1,0,1,0,1,0
317,104_3.provenance.json,ECDSA_P256_SHA256,71,1,1,0,1,0,1,0,1,0
318,104_4.provenance.json,ECDSA_P256_SHA256,71,1,1,0,1,0,1,0,1,0
319,104_5.provenance.json,ECDSA_P256_SHA256,71,1,1,0,1,0,1,0,1,0
320,104_6.provenance.json,ECDSA_P256_SHA256,71,1,1,0,1,0,1,0,1,0
321,105_0.provenance.json,ECDSA_P256_SHA256,71,1,1,0,1,0,1,0,1,0
322,105_1.provenance.json,ECDSA_P256_SHA256,71,1,1,0,1,0,1,0,1,0
323,106_0.provenance.json,ECDSA_P256_SHA256,70,1,1,0,1,0,1,0,1,0
324,107_0.provenance.json,ECDSA_P256_SHA256,71,1,1,0,1,0,1,0,1,0
325,107_1.provenance.json,ECDSA_P256_SHA256,71,1,1,0,1,0,1,0,1,0
326,107_2.provenance.json,ECDSA_P256_SHA256,70,1,1,0,1,0,1,0,1,0
327,108_0.provenance.json,ECDSA_P256_SHA256,71,1,1,0,1,0,1,0,1,0
328,108_1.provenance.json,ECDSA_P256_SHA256,71,1,1,0,1,0,1,0,1,0
329,108_2.provenance.json,ECDSA_P256_SHA256,70,1,1,0,1,0,1,0,1,0
330,108_3.provenance.json,ECDSA_P256_SHA256,70,1,1,0,1,0,1,0,1,0
331,108_4.provenance.json,ECDSA_P256_SHA256,71,1,1,0,1,0,1,0,1,0
332,109_0.provenance.json,ECDSA_P256_SHA256,71,1,1,0,1,0,1,0,1,0
333,109_1.provenance.json,ECDSA_P256_SHA256,71,1,1,0,1,0,1,0,1,0
334,109_2.provenance.json,ECDSA_P256_SHA256,72,1,1,0,1,0,1,0,1,0
335,109_3.provenance.json,ECDSA_P256_SHA256,71,1,1,0,1,0,1,0,1,0
336,109_4.provenance.json,ECDSA_P256_SHA256,71,1,1,0,1,0,1,0,1,0
337,110_0.provenance.json,ECDSA_P256_SHA256,71,1,1,0,1,0,1,0,1,0
338,110_1.provenance.json,ECDSA_P256_SHA256,71,1,1,0,1,0,1,0,1,0
339,110_2.provenance.json,ECDSA_P256_SHA256,71,1,1,0,1,0,1,0,1,0
340,111_0.provenance.json,ECDSA_P256_SHA256,70,1,1,0,1,0,1,0,1,0
341,112_0.provenance.json,ECDSA_P256_SHA256,71,1,1,0,1,0,1,0,1,0
342,112_1.provenance.json,ECDSA_P256_SHA256,70,1,1,0,1,0,1,0,1,0
343,112_2.provenance.json,ECDSA_P256_SHA256,70,1,1,0,1,0,1,0,1,0
344,113_0.provenance.json,ECDSA_P256_SHA256,70,1,1,0,1,0,1,0,1,0
345,114_0.provenance.json,ECDSA_P256_SHA256,70,1,1,0,1,0,1,0,1,0
346,114_1.provenance.json,ECDSA_P256_SHA256,71,1,1,0,1,0,1,0,1,0
347,114_2.provenance.json,ECDSA_P256_SHA256,70,1,1,0,1,0,1,0,1,0
348,115_0.provenance.json,ECDSA_P256_SHA256,71,1,1,0,1,0,1,0,1,0
349,115_1.provenance.json,ECDSA_P256_SHA256,70,1,1,0,1,0,1,0,1,0
350,116_0.provenance.json,ECDSA_P256_SHA256,72,1,1,0,1,0,1,0,1,0
351,116_1.provenance.json,ECDSA_P256_SHA256,71,1,1,0,1,0,1,0,1,0
352,117_0.provenance.json,ECDSA_P256_SHA256,72,1,1,0,1,0,1,0,1,0
353,118_0.provenance.json,ECDSA_P256_SHA256,70,1,1,0,1,0,1,0,1,0
354,118_1.provenance.json,ECDSA_P256_SHA256,71,1,1,0,1,0,1,0,1,0
355,119_0.provenance.json,ECDSA_P256_SHA256,70,1,1,0,1,0,1,0,1,0
356,119_1.provenance.json,ECDSA_P256_SHA256,72,1,1,0,1,0,1,0,1,0
357,120_0.provenance.json,ECDSA_P256_SHA256,71,1,1,0,1,0,1,0,1,0
358,120_1.provenance.json,ECDSA_P256_SHA256,71,1,1,0,1,0,1,0,1,0
359,121_0.provenance.json,ECDSA_P256_SHA256,71,1,1,0,1,0,1,0,1,0
360,121_1.provenance.json,ECDSA_P256_SHA256,72,1,1,0,1,0,1,0,1,0
361,121_2.provenance.json,ECDSA_P256_SHA256,71,1,1,0,1,0,1,0,1,0
362,122_0.provenance.json,ECDSA_P256_SHA256,71,1,1,0,1,0,1,0,1,0
363,122_1.provenance.json,ECDSA_P256_SHA256,71,1,1,0,1,0,1,0,1,0
364,123_0.provenance.json,ECDSA_P256_SHA256,71,1,1,0,1,0,1,0,1,0
365,123_1.provenance.json,ECDSA_P256_SHA256,71,1,1,0,1,0,1,0,1,0
366,123_2.provenance.json,ECDSA_P256_SHA256,71,1,1,0,1,0,1,0,1,0
367,124_0.provenance.json,ECDSA_P256_SHA256,71,1,1,0,1,0,1,0,1,0
368,125_0.provenance.json,ECDSA_P256_SHA256,70,1,1,0,1,0,1,0,1,0
369,126_0.provenance.json,ECDSA_P256_SHA256,72,1,1,0,1,0,1,0,1,0
370,126_1.provenance.json,ECDSA_P256_SHA256,70,1,1,0,1,0,1,0,1,0
371,127_0.provenance.json,ECDSA_P256_SHA256,71,1,1,0,1,0,1,0,1,0
372,128_0.provenance.json,ECDSA_P256_SHA256,71,1,1,0,1,0,1,0,1,0
373,129_0.provenance.json,ECDSA_P256_SHA256,70,1,1,0,1,0,1,0,1,0
374,129_1.provenance.json,ECDSA_P256_SHA256,72,1,1,0,1,0,1,0,1,0
375,129_2.provenance.json,ECDSA_P256_SHA256,71,1,1,0,1,0,1,0,1,0
376,130_0.provenance.json,ECDSA_P256_SHA256,72,1,1,0,1,0,1,0,1,0
377,131_0.provenance.json,ECDSA_P256_SHA256,70,1,1,0,1,0,1,0,1,0
378,132_0.provenance.json,ECDSA_P256_SHA256,72,1,1,0,1,0,1,0,1,0
379,132_1.provenance.json,ECDSA_P256_SHA256,71,1,1,0,1,0,1,0,1,0
380,133_0.provenance.json,ECDSA_P256_SHA256,71,1,1,0,1,0,1,0,1,0
381,134_0.provenance.json,ECDSA_P256_SHA256,71,1,1,0,1,0,1,0,1,0
382,134_1.provenance.json,ECDSA_P256_SHA256,71,1,1,0,1,0,1,0,1,0
383,135_0.provenance.json,ECDSA_P256_SHA256,70,1,1,0,1,0,1,0,1,0
384,135_1.provenance.json,ECDSA_P256_SHA256,71,1,1,0,1,0,1,0,1,0
385,135_2.provenance.json,ECDSA_P256_SHA256,71,1,1,0,1,0,1,0,1,0
386,135_3.provenance.json,ECDSA_P256_SHA256,71,1,1,0,1,0,1,0,1,0
387,135_4.provenance.json,ECDSA_P256_SHA256,71,1,1,0,1,0,1,0,1,0
388,136_0.provenance.json,ECDSA_P256_SHA256,71,1,1,0,1,0,1,0,1,0
389,136_1.provenance.json,ECDSA_P256_SHA256,70,1,1,0,1,0,1,0,1,0
390,137_0.provenance.json,ECDSA_P256_SHA256,72,1,1,0,1,0,1,0,1,0
391,138_0.provenance.json,ECDSA_P256_SHA256,71,1,1,0,1,0,1,0,1,0
392,138_1.provenance.json,ECDSA_P256_SHA256,71,1,1,0,1,0,1,0,1,0
393,138_2.provenance.json,ECDSA_P256_SHA256,71,1,1,0,1,0,1,0,1,0
394,139_0.provenance.json,ECDSA_P256_SHA256,71,1,1,0,1,0,1,0,1,0
395,139_1.provenance.json,ECDSA_P256_SHA256,70,1,1,0,1,0,1,0,1,0
396,139_2.provenance.json,ECDSA_P256_SHA256,72,1,1,0,1,0,1,0,1,0
397,140_0.provenance.json,ECDSA_P256_SHA256,71,1,1,0,1,0,1,0,1,0
398,140_1.provenance.json,ECDSA_P256_SHA256,72,1,1,0,1,0,1,0,1,0
399,140_2.provenance.json,ECDSA_P256_SHA256,71,1,1,0,1,0,1,0,1,0
400,141_0.provenance.json,ECDSA_P256_SHA256,71,1,1,0,1,0,1,0,1,0
401,141_1.provenance.json,ECDSA_P256_SHA256,71,1,1,0,1,0,1,0,1,0
402,141_2.provenance.json,ECDSA_P256_SHA256,72,1,1,0,1,0,1,0,1,0
403,141_3.provenance.json,ECDSA_P256_SHA256,72,1,1,0,1,0,1,0,1,0
404,141_4.provenance.json,ECDSA_P256_SHA256,71,1,1,0,1,0,1,0,1,0
405,141_5.provenance.json,ECDSA_P256_SHA256,71,1,1,0,1,0,1,0,1,0
406,141_6.provenance.json,ECDSA_P256_SHA256,72,1,1,0,1,0,1,0,1,0
407,142_0.provenance.json,ECDSA_P256_SHA256,70,1,1,0,1,0,1,0,1,0
408,143_0.provenance.json,ECDSA_P256_SHA256,70,1,1,0,1,0,1,0,1,0
409,143_1.provenance.json,ECDSA_P256_SHA256,71,1,1,0,1,0,1,0,1,0
410,143_2.provenance.json,ECDSA_P256_SHA256,71,1,1,0,1,0,1,0,1,0
411,143_3.provenance.json,ECDSA_P256_SHA256,71,1,1,0,1,0,1,0,1,0
412,143_4.provenance.json,ECDSA_P256_SHA256,71,1,1,0,1,0,1,0,1,0
413,144_0.provenance.json,ECDSA_P256_SHA256,71,1,1,0,1,0,1,0,1,0
414,144_1.provenance.json,ECDSA_P256_SHA256,71,1,1,0,1,0,1,0,1,0
415,144_2.provenance.json,ECDSA_P256_SHA256,71,1,1,0,1,0,1,0,1,0
416,144_3.provenance.json,ECDSA_P256_SHA256,71,1,1,0,1,0,1,0,1,0
417,145_0.provenance.json,ECDSA_P256_SHA256,71,1,1,0,1,0,1,0,1,0
418,145_1.provenance.json,ECDSA_P256_SHA256,72,1,1,0,1,0,1,0,1,0
419,145_2.provenance.json,ECDSA_P256_SHA256,72,1,1,0,1,0,1,0,1,0
420,146_0.provenance.json,ECDSA_P256_SHA256,71,1,1,0,1,0,1,0,1,0
421,147_0.provenance.json,ECDSA_P256_SHA256,70,1,1,0,1,0,1,0,1,0
422,147_1.provenance.json,ECDSA_P256_SHA256,71,1,1,0,1,0,1,0,1,0
423,148_0.provenance.json,ECDSA_P256_SHA256,71,1,1,0,1,0,1,0,1,0
424,148_1.provenance.json,ECDSA_P256_SHA256,72,1,1,0,1,0,1,0,1,0
425,148_2.provenance.json,ECDSA_P256_SHA256,72,1,1,0,1,0,1,0,1,0
426,148_3.provenance.json,ECDSA_P256_SHA256,71,1,1,0,1,0,1,0,1,0
427,149_0.provenance.json,ECDSA_P256_SHA256,70,1,1,0,1,0,1,0,1,0
428,150_0.provenance.json,ECDSA_P256_SHA256,70,1,1,0,1,0,1,0,1,0
429,150_1.provenance.json,ECDSA_P256_SHA256,71,1,1,0,1,0,1,0,1,0
430,150_2.provenance.json,ECDSA_P256_SHA256,72,1,1,0,1,0,1,0,1,0
431,150_3.provenance.json,ECDSA_P256_SHA256,70,1,1,0,1,0,1,0,1,0
432,150_4.provenance.json,ECDSA_P256_SHA256,71,1,1,0,1,0,1,0,1,0
433,150_5.provenance.json,ECDSA_P256_SHA256,72,1,1,0,1,0,1,0,1,0
434,150_6.provenance.json,ECDSA_P256_SHA256,72,1,1,0,1,0,1,0,1,0
435,150_7.provenance.json,ECDSA_P256_SHA256,70,1,1,0,1,0,1,0,1,0
436,150_8.provenance.json,ECDSA_P256_SHA256,71,1,1,0,1,0,1,0,1,0
437,150_9.provenance.json,ECDSA_P256_SHA256,71,1,1,0,1,0,1,0,1,0
438,150_10.provenance.json,ECDSA_P256_SHA256,72,1,1,0,1,0,1,0,1,0
439,150_11.provenance.json,ECDSA_P256_SHA256,72,1,1,0,1,0,1,0,1,0
440,150_12.provenance.json,ECDSA_P256_SHA256,70,1,1,0,1,0,1,0,1,0
441,150_13.provenance.json,ECDSA_P256_SHA256,70,1,1,0,1,0,1,0,1,0
442,151_0.provenance.json,ECDSA_P256_SHA256,71,1,1,0,1,0,1,0,1,0
443,151_1.provenance.json,ECDSA_P256_SHA256,72,1,1,0,1,0,1,0,1,0
444,151_2.provenance.json,ECDSA_P256_SHA256,71,1,1,0,1,0,1,0,1,0
445,151_3.provenance.json,ECDSA_P256_SHA256,72,1,1,0,1,0,1,0,1,0
446,151_4.provenance.json,ECDSA_P256_SHA256,72,1,1,0,1,0,1,0,1,0
447,152_0.provenance.json,ECDSA_P256_SHA256,72,1,1,0,1,0,1,0,1,0
448,153_0.provenance.json,ECDSA_P256_SHA256,71,1,1,0,1,0,1,0,1,0
449,153_1.provenance.json,ECDSA_P256_SHA256,71,1,1,0,1,0,1,0,1,0
450,153_2.provenance.json,ECDSA_P256_SHA256,70,1,1,0,1,0,1,0,1,0
451,153_3.provenance.json,ECDSA_P256_SHA256,71,1,1,0,1,0,1,0,1,0
452,154_0.provenance.json,ECDSA_P256_SHA256,72,1,1,0,1,0,1,0,1,0
453,154_1.provenance.json,ECDSA_P256_SHA256,72,1,1,0,1,0,1,0,1,0
454,154_2.provenance.json,ECDSA_P256_SHA256,71,1,1,0,1,0,1,0,1,0
455,154_3.provenance.json,ECDSA_P256_SHA256,70,1,1,0,1,0,1,0,1,0
456,154_4.provenance.json,ECDSA_P256_SHA256,71,1,1,0,1,0,1,0,1,0
457,154_5.provenance.json,ECDSA_P256_SHA256,72,1,1,0,1,0,1,0,1,0
458,155_0.provenance.json,ECDSA_P256_SHA256,72,1,1,0,1,0,1,0,1,0
459,155_1.provenance.json,ECDSA_P256_SHA256,72,1,1,0,1,0,1,0,1,0
460,155_2.provenance.json,ECDSA_P256_SHA256,71,1,1,0,1,0,1,0,1,0
461,155_3.provenance.json,ECDSA_P256_SHA256,70,1,1,0,1,0,1,0,1,0
462,156_0.provenance.json,ECDSA_P256_SHA256,71,1,1,0,1,0,1,0,1,0
463,157_0.provenance.json,ECDSA_P256_SHA256,70,1,1,0,1,0,1,0,1,0
464,157_1.provenance.json,ECDSA_P256_SHA256,71,1,1,0,1,0,1,0,1,0
465,157_2.provenance.json,ECDSA_P256_SHA256,72,1,1,0,1,0,1,0,1,0
466,157_3.provenance.json,ECDSA_P256_SHA256,71,1,1,0,1,0,1,0,1,0
467,158_0.provenance.json,ECDSA_P256_SHA256,72,1,1,0,1,0,1,0,1,0
468,158_1.provenance.json,ECDSA_P256_SHA256,71,1,1,0,1,0,1,0,1,0
469,159_0.provenance.json,ECDSA_P256_SHA256,70,1,1,0,1,0,1,0,1,0
470,159_1.provenance.json,ECDSA_P256_SHA256,72,1,1,0,1,0,1,0,1,0
471,160_0.provenance.json,ECDSA_P256_SHA256,71,1,1,0,1,0,1,0,1,0
472,160_1.provenance.json,ECDSA_P256_SHA256,71,1,1,0,1,0,1,0,1,0
473,161_0.provenance.json,ECDSA_P256_SHA256,71,1,1,0,1,0,1,0,1,0
474,162_0.provenance.json,ECDSA_P256_SHA256,70,1,1,0,1,0,1,0,1,0
475,162_1.provenance.json,ECDSA_P256_SHA256,70,1,1,0,1,0,1,0,1,0
476,163_0.provenance.json,ECDSA_P256_SHA256,71,1,1,0,1,0,1,0,1,0
477,163_1.provenance.json,ECDSA_P256_SHA256,72,1,1,0,1,0,1,0,1,0
478,163_2.provenance.json,ECDSA_P256_SHA256,72,1,1,0,1,0,1,0,1,0
479,163_3.provenance.json,ECDSA_P256_SHA256,72,1,1,0,1,0,1,0,1,0
480,163_4.provenance.json,ECDSA_P256_SHA256,72,1,1,0,1,0,1,0,1,0
481,164_0.provenance.json,ECDSA_P256_SHA256,71,1,1,0,1,0,1,0,1,0
482,164_1.provenance.json,ECDSA_P256_SHA256,71,1,1,0,1,0,1,0,1,0
483,164_2.provenance.json,ECDSA_P256_SHA256,71,1,1,0,1,0,1,0,1,0
484,164_3.provenance.json,ECDSA_P256_SHA256,72,1,1,0,1,0,1,0,1,0
485,165_0.provenance.json,ECDSA_P256_SHA256,70,1,1,0,1,0,1,0,1,0
486,165_1.provenance.json,ECDSA_P256_SHA256,72,1,1,0,1,0,1,0,1,0
487,165_2.provenance.json,ECDSA_P256_SHA256,70,1,1,0,1,0,1,0,1,0
488,166_0.provenance.json,ECDSA_P256_SHA256,72,1,1,0,1,0,1,0,1,0
489,166_1.provenance.json,ECDSA_P256_SHA256,70,1,1,0,1,0,1,0,1,0
490,166_2.provenance.json,ECDSA_P256_SHA256,71,1,1,0,1,0,1,0,1,0
491,167_0.provenance.json,ECDSA_P256_SHA256,71,1,1,0,1,0,1,0,1,0
492,167_1.provenance.json,ECDSA_P256_SHA256,71,1,1,0,1,0,1,0,1,0
493,168_0.provenance.json,ECDSA_P256_SHA256,71,1,1,0,1,0,1,0,1,0
494,168_1.provenance.json,ECDSA_P256_SHA256,72,1,1,0,1,0,1,0,1,0
495,168_2.provenance.json,ECDSA_P256_SHA256,72,1,1,0,1,0,1,0,1,0
496,169_0.provenance.json,ECDSA_P256_SHA256,70,1,1,0,1,0,1,0,1,0
497,169_1.provenance.json,ECDSA_P256_SHA256,70,1,1,0,1,0,1,0,1,0
498,169_2.provenance.json,ECDSA_P256_SHA256,71,1,1,0,1,0,1,0,1,0
499,169_3.provenance.json,ECDSA_P256_SHA256,72,1,1,0,1,0,1,0,1,0
500,170_0.provenance.json,ECDSA_P256_SHA256,70,1,1,0,1,0,1,0,1,0
501,170_1.provenance.json,ECDSA_P256_SHA256,72,1,1,0,1,0,1,0,1,0
502,170_2.provenance.json,ECDSA_P256_SHA256,71,1,1,0,1,0,1,0,1,0
503,170_3.provenance.json,ECDSA_P256_SHA256,71,1,1,0,1,0,1,0,1,0
504,170_4.provenance.json,ECDSA_P256_SHA256,70,1,1,0,1,0,1,0,1,0
505,170_5.provenance.json,ECDSA_P256_SHA256,70,1,1,0,1,0,1,0,1,0
506,171_0.provenance.json,ECDSA_P256_SHA256,71,1,1,0,1,0,1,0,1,0
507,172_0.provenance.json,ECDSA_P256_SHA256,71,1,1,0,1,0,1,0,1,0
508,172_1.provenance.json,ECDSA_P256_SHA256,72,1,1,0,1,0,1,0,1,0
509,172_2.provenance.json,ECDSA_P256_SHA256,71,1,1,0,1,0,1,0,1,0
510,172_3.provenance.json,ECDSA_P256_SHA256,72,1,1,0,1,0,1,0,1,0
511,173_0.provenance.json,ECDSA_P256_SHA256,72,1,1,0,1,0,1,0,1,0
512,174_0.provenance.json,ECDSA_P256_SHA256,71,1,1,0,1,0,1,0,1,0
513,175_0.provenance.json,ECDSA_P256_SHA256,72,1,1,0,1,0,1,0,1,0
514,175_1.provenance.json,ECDSA_P256_SHA256,71,1,1,0,1,0,1,0,1,0
515,176_0.provenance.json,ECDSA_P256_SHA256,70,1,1,0,1,0,1,0,1,0
516,176_1.provenance.json,ECDSA_P256_SHA256,70,1,1,0,1,0,1,0,1,0
517,176_2.provenance.json,ECDSA_P256_SHA256,70,1,1,0,1,0,1,0,1,0
518,177_0.provenance.json,ECDSA_P256_SHA256,71,1,1,0,1,0,1,0,1,0
519,177_1.provenance.json,ECDSA_P256_SHA256,71,1,1,0,1,0,1,0,1,0
520,177_2.provenance.json,ECDSA_P256_SHA256,70,1,1,0,1,0,1,0,1,0
521,178_0.provenance.json,ECDSA_P256_SHA256,71,1,1,0,1,0,1,0,1,0
522,179_0.provenance.json,ECDSA_P256_SHA256,70,1,1,0,1,0,1,0,1,0
523,179_1.provenance.json,ECDSA_P256_SHA256,71,1,1,0,1,0,1,0,1,0
524,179_2.provenance.json,ECDSA_P256_SHA256,72,1,1,0,1,0,1,0,1,0
525,180_0.provenance.json,ECDSA_P256_SHA256,70,1,1,0,1,0,1,0,1,0
526,180_1.provenance.json,ECDSA_P256_SHA256,70,1,1,0,1,0,1,0,1,0
527,180_2.provenance.json,ECDSA_P256_SHA256,71,1,1,0,1,0,1,0,1,0
528,180_3.provenance.json,ECDSA_P256_SHA256,71,1,1,0,1,0,1,0,1,0
529,180_4.provenance.json,ECDSA_P256_SHA256,72,1,1,0,1,0,1,0,1,0
530,180_5.provenance.json,ECDSA_P256_SHA256,71,1,1,0,1,0,1,0,1,0
531,181_0.provenance.json,ECDSA_P256_SHA256,72,1,1,0,1,0,1,0,1,0
532,181_1.provenance.json,ECDSA_P256_SHA256,72,1,1,0,1,0,1,0,1,0
533,183_0.provenance.json,ECDSA_P256_SHA256,70,1,1,0,1,0,1,0,1,0
534,183_1.provenance.json,ECDSA_P256_SHA256,70,1,1,0,1,0,1,0,1,0
535,183_2.provenance.json,ECDSA_P256_SHA256,72,1,1,0,1,0,1,0,1,0
536,183_3.provenance.json,ECDSA_P256_SHA256,71,1,1,0,1,0,1,0,1,0
537,183_4.provenance.json,ECDSA_P256_SHA256,72,1,1,0,1,0,1,0,1,0
538,183_5.provenance.json,ECDSA_P256_SHA256,72,1,1,0,1,0,1,0,1,0
539,183_6.provenance.json,ECDSA_P256_SHA256,71,1,1,0,1,0,1,0,1,0
540,183_7.provenance.json,ECDSA_P256_SHA256,70,1,1,0,1,0,1,0,1,0
541,184_0.provenance.json,ECDSA_P256_SHA256,70,1,1,0,1,0,1,0,1,0
542,184_1.provenance.json,ECDSA_P256_SHA256,70,1,1,0,1,0,1,0,1,0
543,185_0.provenance.json,ECDSA_P256_SHA256,71,1,1,0,1,0,1,0,1,0
544,185_1.provenance.json,ECDSA_P256_SHA256,71,1,1,0,1,0,1,0,1,0
545,185_2.provenance.json,ECDSA_P256_SHA256,71,1,1,0,1,0,1,0,1,0
546,186_0.provenance.json,ECDSA_P256_SHA256,72,1,1,0,1,0,1,0,1,0
547,186_1.provenance.json,ECDSA_P256_SHA256,71,1,1,0,1,0,1,0,1,0
548,186_2.provenance.json,ECDSA_P256_SHA256,71,1,1,0,1,0,1,0,1,0
549,187_0.provenance.json,ECDSA_P256_SHA256,70,1,1,0,1,0,1,0,1,0
550,188_0.provenance.json,ECDSA_P256_SHA256,72,1,1,0,1,0,1,0,1,0
551,188_1.provenance.json,ECDSA_P256_SHA256,71,1,1,0,1,0,1,0,1,0
552,189_0.provenance.json,ECDSA_P256_SHA256,71,1,1,0,1,0,1,0,1,0
553,189_1.provenance.json,ECDSA_P256_SHA256,72,1,1,0,1,0,1,0,1,0
554,189_2.provenance.json,ECDSA_P256_SHA256,71,1,1,0,1,0,1,0,1,0
555,190_0.provenance.json,ECDSA_P256_SHA256,71,1,1,0,1,0,1,0,1,0
556,191_0.provenance.json,ECDSA_P256_SHA256,71,1,1,0,1,0,1,0,1,0
557,191_1.provenance.json,ECDSA_P256_SHA256,71,1,1,0,1,0,1,0,1,0
558,192_0.provenance.json,ECDSA_P256_SHA256,70,1,1,0,1,0,1,0,1,0
559,192_1.provenance.json,ECDSA_P256_SHA256,71,1,1,0,1,0,1,0,1,0
560,193_0.provenance.json,ECDSA_P256_SHA256,70,1,1,0,1,0,1,0,1,0
561,193_1.provenance.json,ECDSA_P256_SHA256,71,1,1,0,1,0,1,0,1,0
562,194_0.provenance.json,ECDSA_P256_SHA256,71,1,1,0,1,0,1,0,1,0
563,194_1.provenance.json,ECDSA_P256_SHA256,70,1,1,0,1,0,1,0,1,0
564,195_0.provenance.json,ECDSA_P256_SHA256,70,1,1,0,1,0,1,0,1,0
565,195_1.provenance.json,ECDSA_P256_SHA256,71,1,1,0,1,0,1,0,1,0
566,195_2.provenance.json,ECDSA_P256_SHA256,72,1,1,0,1,0,1,0,1,0
567,196_0.provenance.json,ECDSA_P256_SHA256,72,1,1,0,1,0,1,0,1,0
568,197_0.provenance.json,ECDSA_P256_SHA256,72,1,1,0,1,0,1,0,1,0
569,198_0.provenance.json,ECDSA_P256_SHA256,71,1,1,0,1,0,1,0,1,0
570,199_0.provenance.json,ECDSA_P256_SHA256,71,1,1,0,1,0,1,0,1,0
571,199_1.provenance.json,ECDSA_P256_SHA256,70,1,1,0,1,0,1,0,1,0
572,200_0.provenance.json,ECDSA_P256_SHA256,72,1,1,0,1,0,1,0,1,0
573,200_1.provenance.json,ECDSA_P256_SHA256,72,1,1,0,1,0,1,0,1,0
574,200_2.provenance.json,ECDSA_P256_SHA256,71,1,1,0,1,0,1,0,1,0
575,200_3.provenance.json,ECDSA_P256_SHA256,70,1,1,0,1,0,1,0,1,0
576,201_0.provenance.json,ECDSA_P256_SHA256,70,1,1,0,1,0,1,0,1,0
577,201_1.provenance.json,ECDSA_P256_SHA256,71,1,1,0,1,0,1,0,1,0
578,202_0.provenance.json,ECDSA_P256_SHA256,71,1,1,0,1,0,1,0,1,0
579,202_1.provenance.json,ECDSA_P256_SHA256,71,1,1,0,1,0,1,0,1,0
580,203_0.provenance.json,ECDSA_P256_SHA256,71,1,1,0,1,0,1,0,1,0
581,203_1.provenance.json,ECDSA_P256_SHA256,71,1,1,0,1,0,1,0,1,0
582,204_0.provenance.json,ECDSA_P256_SHA256,72,1,1,0,1,0,1,0,1,0
583,204_1.provenance.json,ECDSA_P256_SHA256,70,1,1,0,1,0,1,0,1,0
584,205_0.provenance.json,ECDSA_P256_SHA256,70,1,1,0,1,0,1,0,1,0
585,205_1.provenance.json,ECDSA_P256_SHA256,71,1,1,0,1,0,1,0,1,0
586,206_0.provenance.json,ECDSA_P256_SHA256,71,1,1,0,1,0,1,0,1,0
587,207_0.provenance.json,ECDSA_P256_SHA256,72,1,1,0,1,0,1,0,1,0
588,207_1.provenance.json,ECDSA_P256_SHA256,71,1,1,0,1,0,1,0,1,0
589,207_2.provenance.json,ECDSA_P256_SHA256,70,1,1,0,1,0,1,0,1,0
590,208_0.provenance.json,ECDSA_P256_SHA256,71,1,1,0,1,0,1,0,1,0
591,208_1.provenance.json,ECDSA_P256_SHA256,70,1,1,0,1,0,1,0,1,0
592,209_0.provenance.json,ECDSA_P256_SHA256,72,1,1,0,1,0,1,0,1,0
593,210_0.provenance.json,ECDSA_P256_SHA256,71,1,1,0,1,0,1,0,1,0
594,211_0.provenance.json,ECDSA_P256_SHA256,70,1,1,0,1,0,1,0,1,0
595,211_1.provenance.json,ECDSA_P256_SHA256,71,1,1,0,1,0,1,0,1,0
596,211_2.provenance.json,ECDSA_P256_SHA256,71,1,1,0,1,0,1,0,1,0
597,212_0.provenance.json,ECDSA_P256_SHA256,70,1,1,0,1,0,1,0,1,0
598,213_0.provenance.json,ECDSA_P256_SHA256,72,1,1,0,1,0,1,0,1,0
599,214_0.provenance.json,ECDSA_P256_SHA256,70,1,1,0,1,0,1,0,1,0
600,214_1.provenance.json,ECDSA_P256_SHA256,70,1,1,0,1,0,1,0,1,0
601,214_2.provenance.json,ECDSA_P256_SHA256,71,1,1,0,1,0,1,0,1,0
602,214_3.provenance.json,ECDSA_P256_SHA256,71,1,1,0,1,0,1,0,1,0
603,215_0.provenance.json,ECDSA_P256_SHA256,72,1,1,0,1,0,1,0,1,0
604,215_1.provenance.json,ECDSA_P256_SHA256,71,1,1,0,1,0,1,0,1,0
605,215_2.provenance.json,ECDSA_P256_SHA256,70,1,1,0,1,0,1,0,1,0
606,215_3.provenance.json,ECDSA_P256_SHA256,71,1,1,0,1,0,1,0,1,0
607,216_0.provenance.json,ECDSA_P256_SHA256,71,1,1,0,1,0,1,0,1,0
608,217_0.provenance.json,ECDSA_P256_SHA256,72,1,1,0,1,0,1,0,1,0
609,218_0.provenance.json,ECDSA_P256_SHA256,70,1,1,0,1,0,1,0,1,0
610,219_0.provenance.json,ECDSA_P256_SHA256,71,1,1,0,1,0,1,0,1,0
611,219_1.provenance.json,ECDSA_P256_SHA256,71,1,1,0,1,0,1,0,1,0
612,219_2.provenance.json,ECDSA_P256_SHA256,71,1,1,0,1,0,1,0,1,0
613,220_0.provenance.json,ECDSA_P256_SHA256,72,1,1,0,1,0,1,0,1,0
614,220_1.provenance.json,ECDSA_P256_SHA256,71,1,1,0,1,0,1,0,1,0
615,221_0.provenance.json,ECDSA_P256_SHA256,70,1,1,0,1,0,1,0,1,0
616,222_0.provenance.json,ECDSA_P256_SHA256,71,1,1,0,1,0,1,0,1,0
617,222_1.provenance.json,ECDSA_P256_SHA256,72,1,1,0,1,0,1,0,1,0
618,223_0.provenance.json,ECDSA_P256_SHA256,70,1,1,0,1,0,1,0,1,0
619,223_1.provenance.json,ECDSA_P256_SHA256,71,1,1,0,1,0,1,0,1,0
620,223_2.provenance.json,ECDSA_P256_SHA256,72,1,1,0,1,0,1,0,1,0
621,224_0.provenance.json,ECDSA_P256_SHA256,71,1,1,0,1,0,1,0,1,0
622,224_1.provenance.json,ECDSA_P256_SHA256,72,1,1,0,1,0,1,0,1,0
623,224_2.provenance.json,ECDSA_P256_SHA256,71,1,1,0,1,0,1,0,1,0
624,224_3.provenance.json,ECDSA_P256_SHA256,72,1,1,0,1,0,1,0,1,0
625,225_0.provenance.json,ECDSA_P256_SHA256,72,1,1,0,1,0,1,0,1,0
626,225_1.provenance.json,ECDSA_P256_SHA256,71,1,1,0,1,0,1,0,1,0
627,226_0.provenance.json,ECDSA_P256_SHA256,70,1,1,0,1,0,1,0,1,0
628,226_1.provenance.json,ECDSA_P256_SHA256,70,1,1,0,1,0,1,0,1,0
629,227_0.provenance.json,ECDSA_P256_SHA256,72,1,1,0,1,0,1,0,1,0
630,227_1.provenance.json,ECDSA_P256_SHA256,71,1,1,0,1,0,1,0,1,0
631,227_2.provenance.json,ECDSA_P256_SHA256,71,1,1,0,1,0,1,0,1,0
632,227_3.provenance.json,ECDSA_P256_SHA256,71,1,1,0,1,0,1,0,1,0
633,227_4.provenance.json,ECDSA_P256_SHA256,71,1,1,0,1,0,1,0,1,0
634,228_0.provenance.json,ECDSA_P256_SHA256,71,1,1,0,1,0,1,0,1,0
635,229_0.provenance.json,ECDSA_P256_SHA256,71,1,1,0,1,0,1,0,1,0
636,229_1.provenance.json,ECDSA_P256_SHA256,71,1,1,0,1,0,1,0,1,0
637,230_0.provenance.json,ECDSA_P256_SHA256,70,1,1,0,1,0,1,0,1,0
638,230_1.provenance.json,ECDSA_P256_SHA256,71,1,1,0,1,0,1,0,1,0
639,231_0.provenance.json,ECDSA_P256_SHA256,70,1,1,0,1,0,1,0,1,0
640,231_1.provenance.json,ECDSA_P256_SHA256,72,1,1,0,1,0,1,0,1,0
641,232_0.provenance.json,ECDSA_P256_SHA256,72,1,1,0,1,0,1,0,1,0
642,233_0.provenance.json,ECDSA_P256_SHA256,71,1,1,0,1,0,1,0,1,0
643,234_0.provenance.json,ECDSA_P256_SHA256,71,1,1,0,1,0,1,0,1,0
644,234_1.provenance.json,ECDSA_P256_SHA256,70,1,1,0,1,0,1,0,1,0
645,235_0.provenance.json,ECDSA_P256_SHA256,72,1,1,0,1,0,1,0,1,0
646,236_0.provenance.json,ECDSA_P256_SHA256,71,1,1,0,1,0,1,0,1,0
647,237_0.provenance.json,ECDSA_P256_SHA256,72,1,1,0,1,0,1,0,1,0
648,237_1.provenance.json,ECDSA_P256_SHA256,71,1,1,0,1,0,1,0,1,0
649,238_0.provenance.json,ECDSA_P256_SHA256,72,1,1,0,1,0,1,0,1,0
650,238_1.provenance.json,ECDSA_P256_SHA256,71,1,1,0,1,0,1,0,1,0
651,239_0.provenance.json,ECDSA_P256_SHA256,71,1,1,0,1,0,1,0,1,0
652,239_1.provenance.json,ECDSA_P256_SHA256,71,1,1,0,1,0,1,0,1,0
653,240_0.provenance.json,ECDSA_P256_SHA256,71,1,1,0,1,0,1,0,1,0
654,240_1.provenance.json,ECDSA_P256_SHA256,71,1,1,0,1,0,1,0,1,0
655,240_2.provenance.json,ECDSA_P256_SHA256,71,1,1,0,1,0,1,0,1,0
656,241_0.provenance.json,ECDSA_P256_SHA256,70,1,1,0,1,0,1,0,1,0
657,241_1.provenance.json,ECDSA_P256_SHA256,71,1,1,0,1,0,1,0,1,0
658,241_2.provenance.json,ECDSA_P256_SHA256,71,1,1,0,1,0,1,0,1,0
659,242_0.provenance.json,ECDSA_P256_SHA256,72,1,1,0,1,0,1,0,1,0
660,243_0.provenance.json,ECDSA_P256_SHA256,71,1,1,0,1,0,1,0,1,0
661,243_1.provenance.json,ECDSA_P256_SHA256,71,1,1,0,1,0,1,0,1,0
662,244_0.provenance.json,ECDSA_P256_SHA256,71,1,1,0,1,0,1,0,1,0
663,244_1.provenance.json,ECDSA_P256_SHA256,71,1,1,0,1,0,1,0,1,0
664,245_0.provenance.json,ECDSA_P256_SHA256,70,1,1,0,1,0,1,0,1,0
665,245_1.provenance.json,ECDSA_P256_SHA256,71,1,1,0,1,0,1,0,1,0
666,245_2.provenance.json,ECDSA_P256_SHA256,71,1,1,0,1,0,1,0,1,0
667,246_0.provenance.json,ECDSA_P256_SHA256,70,1,1,0,1,0,1,0,1,0
668,247_0.provenance.json,ECDSA_P256_SHA256,71,1,1,0,1,0,1,0,1,0
669,247_1.provenance.json,ECDSA_P256_SHA256,71,1,1,0,1,0,1,0,1,0
670,248_0.provenance.json,ECDSA_P256_SHA256,72,1,1,0,1,0,1,0,1,0
671,249_0.provenance.json,ECDSA_P256_SHA256,72,1,1,0,1,0,1,0,1,0
672,249_1.provenance.json,ECDSA_P256_SHA256,70,1,1,0,1,0,1,0,1,0
673,249_2.provenance.json,ECDSA_P256_SHA256,72,1,1,0,1,0,1,0,1,0
674,249_3.provenance.json,ECDSA_P256_SHA256,72,1,1,0,1,0,1,0,1,0
675,250_0.provenance.json,ECDSA_P256_SHA256,72,1,1,0,1,0,1,0,1,0
676,250_1.provenance.json,ECDSA_P256_SHA256,71,1,1,0,1,0,1,0,1,0
677,251_0.provenance.json,ECDSA_P256_SHA256,71,1,1,0,1,0,1,0,1,0
678,252_0.provenance.json,ECDSA_P256_SHA256,72,1,1,0,1,0,1,0,1,0
679,252_1.provenance.json,ECDSA_P256_SHA256,71,1,1,0,1,0,1,0,1,0
680,253_0.provenance.json,ECDSA_P256_SHA256,71,1,1,0,1,0,1,0,1,0
681,253_1.provenance.json,ECDSA_P256_SHA256,71,1,1,0,1,0,1,0,1,0
682,253_2.provenance.json,ECDSA_P256_SHA256,70,1,1,0,1,0,1,0,1,0
683,254_0.provenance.json,ECDSA_P256_SHA256,71,1,1,0,1,0,1,0,1,0
684,255_0.provenance.json,ECDSA_P256_SHA256,70,1,1,0,1,0,1,0,1,0
685,255_1.provenance.json,ECDSA_P256_SHA256,71,1,1,0,1,0,1,0,1,0
686,255_2.provenance.json,ECDSA_P256_SHA256,70,1,1,0,1,0,1,0,1,0
687,256_0.provenance.json,ECDSA_P256_SHA256,71,1,1,0,1,0,1,0,1,0
688,256_1.provenance.json,ECDSA_P256_SHA256,71,1,1,0,1,0,1,0,1,0
689,257_0.provenance.json,ECDSA_P256_SHA256,72,1,1,0,1,0,1,0,1,0
690,257_1.provenance.json,ECDSA_P256_SHA256,72,1,1,0,1,0,1,0,1,0
691,258_0.provenance.json,ECDSA_P256_SHA256,70,1,1,0,1,0,1,0,1,0
692,258_1.provenance.json,ECDSA_P256_SHA256,72,1,1,0,1,0,1,0,1,0
693,259_0.provenance.json,ECDSA_P256_SHA256,70,1,1,0,1,0,1,0,1,0
694,259_1.provenance.json,ECDSA_P256_SHA256,71,1,1,0,1,0,1,0,1,0
695,259_2.provenance.json,ECDSA_P256_SHA256,71,1,1,0,1,0,1,0,1,0
696,259_3.provenance.json,ECDSA_P256_SHA256,71,1,1,0,1,0,1,0,1,0
697,259_4.provenance.json,ECDSA_P256_SHA256,70,1,1,0,1,0,1,0,1,0
698,259_5.provenance.json,ECDSA_P256_SHA256,71,1,1,0,1,0,1,0,1,0
699,260_0.provenance.json,ECDSA_P256_SHA256,71,1,1,0,1,0,1,0,1,0
700,261_0.provenance.json,ECDSA_P256_SHA256,71,1,1,0,1,0,1,0,1,0
701,261_1.provenance.json,ECDSA_P256_SHA256,71,1,1,0,1,0,1,0,1,0
702,262_0.provenance.json,ECDSA_P256_SHA256,72,1,1,0,1,0,1,0,1,0
703,263_0.provenance.json,ECDSA_P256_SHA256,70,1,1,0,1,0,1,0,1,0
704,264_0.provenance.json,ECDSA_P256_SHA256,72,1,1,0,1,0,1,0,1,0
705,265_0.provenance.json,ECDSA_P256_SHA256,70,1,1,0,1,0,1,0,1,0
706,265_1.provenance.json,ECDSA_P256_SHA256,72,1,1,0,1,0,1,0,1,0
707,266_0.provenance.json,ECDSA_P256_SHA256,71,1,1,0,1,0,1,0,1,0
708,267_0.provenance.json,ECDSA_P256_SHA256,70,1,1,0,1,0,1,0,1,0
709,268_0.provenance.json,ECDSA_P256_SHA256,70,1,1,0,1,0,1,0,1,0
710,269_0.provenance.json,ECDSA_P256_SHA256,71,1,1,0,1,0,1,0,1,0
711,269_1.provenance.json,ECDSA_P256_SHA256,71,1,1,0,1,0,1,0,1,0
712,270_0.provenance.json,ECDSA_P256_SHA256,71,1,1,0,1,0,1,0,1,0
713,270_1.provenance.json,ECDSA_P256_SHA256,71,1,1,0,1,0,1,0,1,0
714,271_0.provenance.json,ECDSA_P256_SHA256,72,1,1,0,1,0,1,0,1,0
715,272_0.provenance.json,ECDSA_P256_SHA256,71,1,1,0,1,0,1,0,1,0
716,272_1.provenance.json,ECDSA_P256_SHA256,71,1,1,0,1,0,1,0,1,0
717,273_0.provenance.json,ECDSA_P256_SHA256,71,1,1,0,1,0,1,0,1,0
718,274_0.provenance.json,ECDSA_P256_SHA256,72,1,1,0,1,0,1,0,1,0
719,275_0.provenance.json,ECDSA_P256_SHA256,71,1,1,0,1,0,1,0,1,0
720,275_1.provenance.json,ECDSA_P256_SHA256,71,1,1,0,1,0,1,0,1,0
721,275_2.provenance.json,ECDSA_P256_SHA256,71,1,1,0,1,0,1,0,1,0
722,276_0.provenance.json,ECDSA_P256_SHA256,70,1,1,0,1,0,1,0,1,0
723,276_1.provenance.json,ECDSA_P256_SHA256,70,1,1,0,1,0,1,0,1,0
724,276_2.provenance.json,ECDSA_P256_SHA256,71,1,1,0,1,0,1,0,1,0
725,277_0.provenance.json,ECDSA_P256_SHA256,70,1,1,0,1,0,1,0,1,0
726,277_1.provenance.json,ECDSA_P256_SHA256,71,1,1,0,1,0,1,0,1,0
727,277_2.provenance.json,ECDSA_P256_SHA256,72,1,1,0,1,0,1,0,1,0
728,278_0.provenance.json,ECDSA_P256_SHA256,71,1,1,0,1,0,1,0,1,0
729,278_1.provenance.json,ECDSA_P256_SHA256,71,1,1,0,1,0,1,0,1,0
730,279_0.provenance.json,ECDSA_P256_SHA256,70,1,1,0,1,0,1,0,1,0
731,279_1.provenance.json,ECDSA_P256_SHA256,71,1,1,0,1,0,1,0,1,0
732,280_0.provenance.json,ECDSA_P256_SHA256,71,1,1,0,1,0,1,0,1,0
733,280_1.provenance.json,ECDSA_P256_SHA256,71,1,1,0,1,0,1,0,1,0
734,281_0.provenance.json,ECDSA_P256_SHA256,71,1,1,0,1,0,1,0,1,0
735,281_1.provenance.json,ECDSA_P256_SHA256,71,1,1,0,1,0,1,0,1,0
736,282_0.provenance.json,ECDSA_P256_SHA256,70,1,1,0,1,0,1,0,1,0
737,282_1.provenance.json,ECDSA_P256_SHA256,71,1,1,0,1,0,1,0,1,0
738,283_0.provenance.json,ECDSA_P256_SHA256,71,1,1,0,1,0,1,0,1,0
739,283_1.provenance.json,ECDSA_P256_SHA256,70,1,1,0,1,0,1,0,1,0
740,284_0.provenance.json,ECDSA_P256_SHA256,72,1,1,0,1,0,1,0,1,0
741,284_1.provenance.json,ECDSA_P256_SHA256,72,1,1,0,1,0,1,0,1,0
742,285_0.provenance.json,ECDSA_P256_SHA256,72,1,1,0,1,0,1,0,1,0
743,286_0.provenance.json,ECDSA_P256_SHA256,72,1,1,0,1,0,1,0,1,0
744,286_1.provenance.json,ECDSA_P256_SHA256,71,1,1,0,1,0,1,0,1,0
745,287_0.provenance.json,ECDSA_P256_SHA256,71,1,1,0,1,0,1,0,1,0
746,287_1.provenance.json,ECDSA_P256_SHA256,71,1,1,0,1,0,1,0,1,0
747,288_0.provenance.json,ECDSA_P256_SHA256,71,1,1,0,1,0,1,0,1,0
1,0_0.provenance.json,ML_DSA_65,3309,1,1,0,1,0,1,0,1,0
2,1_0.provenance.json,ML_DSA_65,3309,1,1,0,1,0,1,0,1,0
3,1_1.provenance.json,ML_DSA_65,3309,1,1,0,1,0,1,0,1,0
4,2_0.provenance.json,ML_DSA_65,3309,1,1,0,1,0,1,0,1,0
5,2_1.provenance.json,ML_DSA_65,3309,1,1,0,1,0,1,0,1,0
6,3_0.provenance.json,ML_DSA_65,3309,1,1,0,1,0,1,0,1,0
7,3_1.provenance.json,ML_DSA_65,3309,1,1,0,1,0,1,0,1,0
8,4_0.provenance.json,ML_DSA_65,3309,1,1,0,1,0,1,0,1,0
9,5_0.provenance.json,ML_DSA_65,3309,1,1,0,1,0,1,0,1,0
10,5_1.provenance.json,ML_DSA_65,3309,1,1,0,1,0,1,0,1,0
11,6_0.provenance.json,ML_DSA_65,3309,1,1,0,1,0,1,0,1,0
12,6_1.provenance.json,ML_DSA_65,3309,1,1,0,1,0,1,0,1,0
13,7_0.provenance.json,ML_DSA_65,3309,1,1,0,1,0,1,0,1,0
14,8_0.provenance.json,ML_DSA_65,3309,1,1,0,1,0,1,0,1,0
15,8_1.provenance.json,ML_DSA_65,3309,1,1,0,1,0,1,0,1,0
16,8_2.provenance.json,ML_DSA_65,3309,1,1,0,1,0,1,0,1,0
17,8_3.provenance.json,ML_DSA_65,3309,1,1,0,1,0,1,0,1,0
18,9_0.provenance.json,ML_DSA_65,3309,1,1,0,1,0,1,0,1,0
19,9_1.provenance.json,ML_DSA_65,3309,1,1,0,1,0,1,0,1,0
20,10_0.provenance.json,ML_DSA_65,3309,1,1,0,1,0,1,0,1,0
21,10_1.provenance.json,ML_DSA_65,3309,1,1,0,1,0,1,0,1,0
22,10_2.provenance.json,ML_DSA_65,3309,1,1,0,1,0,1,0,1,0
23,11_0.provenance.json,ML_DSA_65,3309,1,1,0,1,0,1,0,1,0
24,12_0.provenance.json,ML_DSA_65,3309,1,1,0,1,0,1,0,1,0
25,12_1.provenance.json,ML_DSA_65,3309,1,1,0,1,0,1,0,1,0
26,12_2.provenance.json,ML_DSA_65,3309,1,1,0,1,0,1,0,1,0
27,12_3.provenance.json,ML_DSA_65,3309,1,1,0,1,0,1,0,1,0
28,12_4.provenance.json,ML_DSA_65,3309,1,1,0,1,0,1,0,1,0
29,13_0.provenance.json,ML_DSA_65,3309,1,1,0,1,0,1,0,1,0
30,13_1.provenance.json,ML_DSA_65,3309,1,1,0,1,0,1,0,1,0
31,14_0.provenance.json,ML_DSA_65,3309,1,1,0,1,0,1,0,1,0
32,14_1.provenance.json,ML_DSA_65,3309,1,1,0,1,0,1,0,1,0
33,15_0.provenance.json,ML_DSA_65,3309,1,1,0,1,0,1,0,1,0
34,16_0.provenance.json,ML_DSA_65,3309,1,1,0,1,0,1,0,1,0
35,16_1.provenance.json,ML_DSA_65,3309,1,1,0,1,0,1,0,1,0
36,16_2.provenance.json,ML_DSA_65,3309,1,1,0,1,0,1,0,1,0
37,16_3.provenance.json,ML_DSA_65,3309,1,1,0,1,0,1,0,1,0
38,16_4.provenance.json,ML_DSA_65,3309,1,1,0,1,0,1,0,1,0
39,17_0.provenance.json,ML_DSA_65,3309,1,1,0,1,0,1,0,1,0
40,17_1.provenance.json,ML_DSA_65,3309,1,1,0,1,0,1,0,1,0
41,17_2.provenance.json,ML_DSA_65,3309,1,1,0,1,0,1,0,1,0
42,17_3.provenance.json,ML_DSA_65,3309,1,1,0,1,0,1,0,1,0
43,17_4.provenance.json,ML_DSA_65,3309,1,1,0,1,0,1,0,1,0
44,17_5.provenance.json,ML_DSA_65,3309,1,1,0,1,0,1,0,1,0
45,18_0.provenance.json,ML_DSA_65,3309,1,1,0,1,0,1,0,1,0
46,18_1.provenance.json,ML_DSA_65,3309,1,1,0,1,0,1,0,1,0
47,18_2.provenance.json,ML_DSA_65,3309,1,1,0,1,0,1,0,1,0
48,18_3.provenance.json,ML_DSA_65,3309,1,1,0,1,0,1,0,1,0
49,18_4.provenance.json,ML_DSA_65,3309,1,1,0,1,0,1,0,1,0
50,19_0.provenance.json,ML_DSA_65,3309,1,1,0,1,0,1,0,1,0
51,20_0.provenance.json,ML_DSA_65,3309,1,1,0,1,0,1,0,1,0
52,20_1.provenance.json,ML_DSA_65,3309,1,1,0,1,0,1,0,1,0
53,21_0.provenance.json,ML_DSA_65,3309,1,1,0,1,0,1,0,1,0
54,21_1.provenance.json,ML_DSA_65,3309,1,1,0,1,0,1,0,1,0
55,22_0.provenance.json,ML_DSA_65,3309,1,1,0,1,0,1,0,1,0
56,22_1.provenance.json,ML_DSA_65,3309,1,1,0,1,0,1,0,1,0
57,23_0.provenance.json,ML_DSA_65,3309,1,1,0,1,0,1,0,1,0
58,23_1.provenance.json,ML_DSA_65,3309,1,1,0,1,0,1,0,1,0
59,24_0.provenance.json,ML_DSA_65,3309,1,1,0,1,0,1,0,1,0
60,25_0.provenance.json,ML_DSA_65,3309,1,1,0,1,0,1,0,1,0
61,25_1.provenance.json,ML_DSA_65,3309,1,1,0,1,0,1,0,1,0
62,26_0.provenance.json,ML_DSA_65,3309,1,1,0,1,0,1,0,1,0
63,26_1.provenance.json,ML_DSA_65,3309,1,1,0,1,0,1,0,1,0
64,27_0.provenance.json,ML_DSA_65,3309,1,1,0,1,0,1,0,1,0
65,27_1.provenance.json,ML_DSA_65,3309,1,1,0,1,0,1,0,1,0
66,28_0.provenance.json,ML_DSA_65,3309,1,1,0,1,0,1,0,1,0
67,28_1.provenance.json,ML_DSA_65,3309,1,1,0,1,0,1,0,1,0
68,28_2.provenance.json,ML_DSA_65,3309,1,1,0,1,0,1,0,1,0
69,28_3.provenance.json,ML_DSA_65,3309,1,1,0,1,0,1,0,1,0
70,29_0.provenance.json,ML_DSA_65,3309,1,1,0,1,0,1,0,1,0
71,29_1.provenance.json,ML_DSA_65,3309,1,1,0,1,0,1,0,1,0
72,29_2.provenance.json,ML_DSA_65,3309,1,1,0,1,0,1,0,1,0
73,30_0.provenance.json,ML_DSA_65,3309,1,1,0,1,0,1,0,1,0
74,31_0.provenance.json,ML_DSA_65,3309,1,1,0,1,0,1,0,1,0
75,31_1.provenance.json,ML_DSA_65,3309,1,1,0,1,0,1,0,1,0
76,31_2.provenance.json,ML_DSA_65,3309,1,1,0,1,0,1,0,1,0
77,31_3.provenance.json,ML_DSA_65,3309,1,1,0,1,0,1,0,1,0
78,31_4.provenance.json,ML_DSA_65,3309,1,1,0,1,0,1,0,1,0
79,31_5.provenance.json,ML_DSA_65,3309,1,1,0,1,0,1,0,1,0
80,31_6.provenance.json,ML_DSA_65,3309,1,1,0,1,0,1,0,1,0
81,32_0.provenance.json,ML_DSA_65,3309,1,1,0,1,0,1,0,1,0
82,32_1.provenance.json,ML_DSA_65,3309,1,1,0,1,0,1,0,1,0
83,32_2.provenance.json,ML_DSA_65,3309,1,1,0,1,0,1,0,1,0
84,33_0.provenance.json,ML_DSA_65,3309,1,1,0,1,0,1,0,1,0
85,33_1.provenance.json,ML_DSA_65,3309,1,1,0,1,0,1,0,1,0
86,34_0.provenance.json,ML_DSA_65,3309,1,1,0,1,0,1,0,1,0
87,34_1.provenance.json,ML_DSA_65,3309,1,1,0,1,0,1,0,1,0
88,34_2.provenance.json,ML_DSA_65,3309,1,1,0,1,0,1,0,1,0
89,34_3.provenance.json,ML_DSA_65,3309,1,1,0,1,0,1,0,1,0
90,35_0.provenance.json,ML_DSA_65,3309,1,1,0,1,0,1,0,1,0
91,35_1.provenance.json,ML_DSA_65,3309,1,1,0,1,0,1,0,1,0
92,36_0.provenance.json,ML_DSA_65,3309,1,1,0,1,0,1,0,1,0
93,36_1.provenance.json,ML_DSA_65,3309,1,1,0,1,0,1,0,1,0
94,36_2.provenance.json,ML_DSA_65,3309,1,1,0,1,0,1,0,1,0
95,36_3.provenance.json,ML_DSA_65,3309,1,1,0,1,0,1,0,1,0
96,36_4.provenance.json,ML_DSA_65,3309,1,1,0,1,0,1,0,1,0
97,36_5.provenance.json,ML_DSA_65,3309,1,1,0,1,0,1,0,1,0
98,36_6.provenance.json,ML_DSA_65,3309,1,1,0,1,0,1,0,1,0
99,36_7.provenance.json,ML_DSA_65,3309,1,1,0,1,0,1,0,1,0
100,36_8.provenance.json,ML_DSA_65,3309,1,1,0,1,0,1,0,1,0
101,36_9.provenance.json,ML_DSA_65,3309,1,1,0,1,0,1,0,1,0
102,36_10.provenance.json,ML_DSA_65,3309,1,1,0,1,0,1,0,1,0
103,36_11.provenance.json,ML_DSA_65,3309,1,1,0,1,0,1,0,1,0
104,37_0.provenance.json,ML_DSA_65,3309,1,1,0,1,0,1,0,1,0
105,38_0.provenance.json,ML_DSA_65,3309,1,1,0,1,0,1,0,1,0
106,39_0.provenance.json,ML_DSA_65,3309,1,1,0,1,0,1,0,1,0
107,39_1.provenance.json,ML_DSA_65,3309,1,1,0,1,0,1,0,1,0
108,39_2.provenance.json,ML_DSA_65,3309,1,1,0,1,0,1,0,1,0
109,39_3.provenance.json,ML_DSA_65,3309,1,1,0,1,0,1,0,1,0
110,40_0.provenance.json,ML_DSA_65,3309,1,1,0,1,0,1,0,1,0
111,40_1.provenance.json,ML_DSA_65,3309,1,1,0,1,0,1,0,1,0
112,41_0.provenance.json,ML_DSA_65,3309,1,1,0,1,0,1,0,1,0
113,42_0.provenance.json,ML_DSA_65,3309,1,1,0,1,0,1,0,1,0
114,42_1.provenance.json,ML_DSA_65,3309,1,1,0,1,0,1,0,1,0
115,42_2.provenance.json,ML_DSA_65,3309,1,1,0,1,0,1,0,1,0
116,42_3.provenance.json,ML_DSA_65,3309,1,1,0,1,0,1,0,1,0
117,43_0.provenance.json,ML_DSA_65,3309,1,1,0,1,0,1,0,1,0
118,43_1.provenance.json,ML_DSA_65,3309,1,1,0,1,0,1,0,1,0
119,43_2.provenance.json,ML_DSA_65,3309,1,1,0,1,0,1,0,1,0
120,43_3.provenance.json,ML_DSA_65,3309,1,1,0,1,0,1,0,1,0
121,44_0.provenance.json,ML_DSA_65,3309,1,1,0,1,0,1,0,1,0
122,44_1.provenance.json,ML_DSA_65,3309,1,1,0,1,0,1,0,1,0
123,44_2.provenance.json,ML_DSA_65,3309,1,1,0,1,0,1,0,1,0
124,44_3.provenance.json,ML_DSA_65,3309,1,1,0,1,0,1,0,1,0
125,44_4.provenance.json,ML_DSA_65,3309,1,1,0,1,0,1,0,1,0
126,44_5.provenance.json,ML_DSA_65,3309,1,1,0,1,0,1,0,1,0
127,44_6.provenance.json,ML_DSA_65,3309,1,1,0,1,0,1,0,1,0
128,45_0.provenance.json,ML_DSA_65,3309,1,1,0,1,0,1,0,1,0
129,46_0.provenance.json,ML_DSA_65,3309,1,1,0,1,0,1,0,1,0
130,46_1.provenance.json,ML_DSA_65,3309,1,1,0,1,0,1,0,1,0
131,47_0.provenance.json,ML_DSA_65,3309,1,1,0,1,0,1,0,1,0
132,47_1.provenance.json,ML_DSA_65,3309,1,1,0,1,0,1,0,1,0
133,47_2.provenance.json,ML_DSA_65,3309,1,1,0,1,0,1,0,1,0
134,47_3.provenance.json,ML_DSA_65,3309,1,1,0,1,0,1,0,1,0
135,47_4.provenance.json,ML_DSA_65,3309,1,1,0,1,0,1,0,1,0
136,47_5.provenance.json,ML_DSA_65,3309,1,1,0,1,0,1,0,1,0
137,47_6.provenance.json,ML_DSA_65,3309,1,1,0,1,0,1,0,1,0
138,47_7.provenance.json,ML_DSA_65,3309,1,1,0,1,0,1,0,1,0
139,48_0.provenance.json,ML_DSA_65,3309,1,1,0,1,0,1,0,1,0
140,49_0.provenance.json,ML_DSA_65,3309,1,1,0,1,0,1,0,1,0
141,49_1.provenance.json,ML_DSA_65,3309,1,1,0,1,0,1,0,1,0
142,50_0.provenance.json,ML_DSA_65,3309,1,1,0,1,0,1,0,1,0
143,50_1.provenance.json,ML_DSA_65,3309,1,1,0,1,0,1,0,1,0
144,50_2.provenance.json,ML_DSA_65,3309,1,1,0,1,0,1,0,1,0
145,51_0.provenance.json,ML_DSA_65,3309,1,1,0,1,0,1,0,1,0
146,52_0.provenance.json,ML_DSA_65,3309,1,1,0,1,0,1,0,1,0
147,52_1.provenance.json,ML_DSA_65,3309,1,1,0,1,0,1,0,1,0
148,53_0.provenance.json,ML_DSA_65,3309,1,1,0,1,0,1,0,1,0
149,53_1.provenance.json,ML_DSA_65,3309,1,1,0,1,0,1,0,1,0
150,53_2.provenance.json,ML_DSA_65,3309,1,1,0,1,0,1,0,1,0
151,53_3.provenance.json,ML_DSA_65,3309,1,1,0,1,0,1,0,1,0
152,53_4.provenance.json,ML_DSA_65,3309,1,1,0,1,0,1,0,1,0
153,54_0.provenance.json,ML_DSA_65,3309,1,1,0,1,0,1,0,1,0
154,54_1.provenance.json,ML_DSA_65,3309,1,1,0,1,0,1,0,1,0
155,54_2.provenance.json,ML_DSA_65,3309,1,1,0,1,0,1,0,1,0
156,54_3.provenance.json,ML_DSA_65,3309,1,1,0,1,0,1,0,1,0
157,55_0.provenance.json,ML_DSA_65,3309,1,1,0,1,0,1,0,1,0
158,55_1.provenance.json,ML_DSA_65,3309,1,1,0,1,0,1,0,1,0
159,55_2.provenance.json,ML_DSA_65,3309,1,1,0,1,0,1,0,1,0
160,55_3.provenance.json,ML_DSA_65,3309,1,1,0,1,0,1,0,1,0
161,55_4.provenance.json,ML_DSA_65,3309,1,1,0,1,0,1,0,1,0
162,56_0.provenance.json,ML_DSA_65,3309,1,1,0,1,0,1,0,1,0
163,56_1.provenance.json,ML_DSA_65,3309,1,1,0,1,0,1,0,1,0
164,56_2.provenance.json,ML_DSA_65,3309,1,1,0,1,0,1,0,1,0
165,56_3.provenance.json,ML_DSA_65,3309,1,1,0,1,0,1,0,1,0
166,57_0.provenance.json,ML_DSA_65,3309,1,1,0,1,0,1,0,1,0
167,57_1.provenance.json,ML_DSA_65,3309,1,1,0,1,0,1,0,1,0
168,57_2.provenance.json,ML_DSA_65,3309,1,1,0,1,0,1,0,1,0
169,58_0.provenance.json,ML_DSA_65,3309,1,1,0,1,0,1,0,1,0
170,58_1.provenance.json,ML_DSA_65,3309,1,1,0,1,0,1,0,1,0
171,58_2.provenance.json,ML_DSA_65,3309,1,1,0,1,0,1,0,1,0
172,59_0.provenance.json,ML_DSA_65,3309,1,1,0,1,0,1,0,1,0
173,59_1.provenance.json,ML_DSA_65,3309,1,1,0,1,0,1,0,1,0
174,60_0.provenance.json,ML_DSA_65,3309,1,1,0,1,0,1,0,1,0
175,61_0.provenance.json,ML_DSA_65,3309,1,1,0,1,0,1,0,1,0
176,61_1.provenance.json,ML_DSA_65,3309,1,1,0,1,0,1,0,1,0
177,61_2.provenance.json,ML_DSA_65,3309,1,1,0,1,0,1,0,1,0
178,61_3.provenance.json,ML_DSA_65,3309,1,1,0,1,0,1,0,1,0
179,61_4.provenance.json,ML_DSA_65,3309,1,1,0,1,0,1,0,1,0
180,62_0.provenance.json,ML_DSA_65,3309,1,1,0,1,0,1,0,1,0
181,62_1.provenance.json,ML_DSA_65,3309,1,1,0,1,0,1,0,1,0
182,62_2.provenance.json,ML_DSA_65,3309,1,1,0,1,0,1,0,1,0
183,62_3.provenance.json,ML_DSA_65,3309,1,1,0,1,0,1,0,1,0
184,62_4.provenance.json,ML_DSA_65,3309,1,1,0,1,0,1,0,1,0
185,62_5.provenance.json,ML_DSA_65,3309,1,1,0,1,0,1,0,1,0
186,63_0.provenance.json,ML_DSA_65,3309,1,1,0,1,0,1,0,1,0
187,63_1.provenance.json,ML_DSA_65,3309,1,1,0,1,0,1,0,1,0
188,63_2.provenance.json,ML_DSA_65,3309,1,1,0,1,0,1,0,1,0
189,63_3.provenance.json,ML_DSA_65,3309,1,1,0,1,0,1,0,1,0
190,63_4.provenance.json,ML_DSA_65,3309,1,1,0,1,0,1,0,1,0
191,63_5.provenance.json,ML_DSA_65,3309,1,1,0,1,0,1,0,1,0
192,63_6.provenance.json,ML_DSA_65,3309,1,1,0,1,0,1,0,1,0
193,64_0.provenance.json,ML_DSA_65,3309,1,1,0,1,0,1,0,1,0
194,64_1.provenance.json,ML_DSA_65,3309,1,1,0,1,0,1,0,1,0
195,64_2.provenance.json,ML_DSA_65,3309,1,1,0,1,0,1,0,1,0
196,64_3.provenance.json,ML_DSA_65,3309,1,1,0,1,0,1,0,1,0
197,64_4.provenance.json,ML_DSA_65,3309,1,1,0,1,0,1,0,1,0
198,65_0.provenance.json,ML_DSA_65,3309,1,1,0,1,0,1,0,1,0
199,65_1.provenance.json,ML_DSA_65,3309,1,1,0,1,0,1,0,1,0
200,65_2.provenance.json,ML_DSA_65,3309,1,1,0,1,0,1,0,1,0
201,65_3.provenance.json,ML_DSA_65,3309,1,1,0,1,0,1,0,1,0
202,65_4.provenance.json,ML_DSA_65,3309,1,1,0,1,0,1,0,1,0
203,65_5.provenance.json,ML_DSA_65,3309,1,1,0,1,0,1,0,1,0
204,65_6.provenance.json,ML_DSA_65,3309,1,1,0,1,0,1,0,1,0
205,65_7.provenance.json,ML_DSA_65,3309,1,1,0,1,0,1,0,1,0
206,66_0.provenance.json,ML_DSA_65,3309,1,1,0,1,0,1,0,1,0
207,66_1.provenance.json,ML_DSA_65,3309,1,1,0,1,0,1,0,1,0
208,66_2.provenance.json,ML_DSA_65,3309,1,1,0,1,0,1,0,1,0
209,66_3.provenance.json,ML_DSA_65,3309,1,1,0,1,0,1,0,1,0
210,66_4.provenance.json,ML_DSA_65,3309,1,1,0,1,0,1,0,1,0
211,66_5.provenance.json,ML_DSA_65,3309,1,1,0,1,0,1,0,1,0
212,67_0.provenance.json,ML_DSA_65,3309,1,1,0,1,0,1,0,1,0
213,68_0.provenance.json,ML_DSA_65,3309,1,1,0,1,0,1,0,1,0
214,68_1.provenance.json,ML_DSA_65,3309,1,1,0,1,0,1,0,1,0
215,69_0.provenance.json,ML_DSA_65,3309,1,1,0,1,0,1,0,1,0
216,69_1.provenance.json,ML_DSA_65,3309,1,1,0,1,0,1,0,1,0
217,70_0.provenance.json,ML_DSA_65,3309,1,1,0,1,0,1,0,1,0
218,70_1.provenance.json,ML_DSA_65,3309,1,1,0,1,0,1,0,1,0
219,70_2.provenance.json,ML_DSA_65,3309,1,1,0,1,0,1,0,1,0
220,71_0.provenance.json,ML_DSA_65,3309,1,1,0,1,0,1,0,1,0
221,71_1.provenance.json,ML_DSA_65,3309,1,1,0,1,0,1,0,1,0
222,72_0.provenance.json,ML_DSA_65,3309,1,1,0,1,0,1,0,1,0
223,72_1.provenance.json,ML_DSA_65,3309,1,1,0,1,0,1,0,1,0
224,72_2.provenance.json,ML_DSA_65,3309,1,1,0,1,0,1,0,1,0
225,72_3.provenance.json,ML_DSA_65,3309,1,1,0,1,0,1,0,1,0
226,73_0.provenance.json,ML_DSA_65,3309,1,1,0,1,0,1,0,1,0
227,73_1.provenance.json,ML_DSA_65,3309,1,1,0,1,0,1,0,1,0
228,73_2.provenance.json,ML_DSA_65,3309,1,1,0,1,0,1,0,1,0
229,73_3.provenance.json,ML_DSA_65,3309,1,1,0,1,0,1,0,1,0
230,74_0.provenance.json,ML_DSA_65,3309,1,1,0,1,0,1,0,1,0
231,74_1.provenance.json,ML_DSA_65,3309,1,1,0,1,0,1,0,1,0
232,75_0.provenance.json,ML_DSA_65,3309,1,1,0,1,0,1,0,1,0
233,75_1.provenance.json,ML_DSA_65,3309,1,1,0,1,0,1,0,1,0
234,75_2.provenance.json,ML_DSA_65,3309,1,1,0,1,0,1,0,1,0
235,76_0.provenance.json,ML_DSA_65,3309,1,1,0,1,0,1,0,1,0
236,76_1.provenance.json,ML_DSA_65,3309,1,1,0,1,0,1,0,1,0
237,77_0.provenance.json,ML_DSA_65,3309,1,1,0,1,0,1,0,1,0
238,77_1.provenance.json,ML_DSA_65,3309,1,1,0,1,0,1,0,1,0
239,77_2.provenance.json,ML_DSA_65,3309,1,1,0,1,0,1,0,1,0
240,77_3.provenance.json,ML_DSA_65,3309,1,1,0,1,0,1,0,1,0
241,78_0.provenance.json,ML_DSA_65,3309,1,1,0,1,0,1,0,1,0
242,78_1.provenance.json,ML_DSA_65,3309,1,1,0,1,0,1,0,1,0
243,79_0.provenance.json,ML_DSA_65,3309,1,1,0,1,0,1,0,1,0
244,79_1.provenance.json,ML_DSA_65,3309,1,1,0,1,0,1,0,1,0
245,80_0.provenance.json,ML_DSA_65,3309,1,1,0,1,0,1,0,1,0
246,80_1.provenance.json,ML_DSA_65,3309,1,1,0,1,0,1,0,1,0
247,80_2.provenance.json,ML_DSA_65,3309,1,1,0,1,0,1,0,1,0
248,81_0.provenance.json,ML_DSA_65,3309,1,1,0,1,0,1,0,1,0
249,81_1.provenance.json,ML_DSA_65,3309,1,1,0,1,0,1,0,1,0
250,81_2.provenance.json,ML_DSA_65,3309,1,1,0,1,0,1,0,1,0
251,82_0.provenance.json,ML_DSA_65,3309,1,1,0,1,0,1,0,1,0
252,82_1.provenance.json,ML_DSA_65,3309,1,1,0,1,0,1,0,1,0
253,83_0.provenance.json,ML_DSA_65,3309,1,1,0,1,0,1,0,1,0
254,83_1.provenance.json,ML_DSA_65,3309,1,1,0,1,0,1,0,1,0
255,84_0.provenance.json,ML_DSA_65,3309,1,1,0,1,0,1,0,1,0
256,84_1.provenance.json,ML_DSA_65,3309,1,1,0,1,0,1,0,1,0
257,85_0.provenance.json,ML_DSA_65,3309,1,1,0,1,0,1,0,1,0
258,86_0.provenance.json,ML_DSA_65,3309,1,1,0,1,0,1,0,1,0
259,86_1.provenance.json,ML_DSA_65,3309,1,1,0,1,0,1,0,1,0
260,87_0.provenance.json,ML_DSA_65,3309,1,1,0,1,0,1,0,1,0
261,87_1.provenance.json,ML_DSA_65,3309,1,1,0,1,0,1,0,1,0
262,87_2.provenance.json,ML_DSA_65,3309,1,1,0,1,0,1,0,1,0
263,87_3.provenance.json,ML_DSA_65,3309,1,1,0,1,0,1,0,1,0
264,87_4.provenance.json,ML_DSA_65,3309,1,1,0,1,0,1,0,1,0
265,87_5.provenance.json,ML_DSA_65,3309,1,1,0,1,0,1,0,1,0
266,87_6.provenance.json,ML_DSA_65,3309,1,1,0,1,0,1,0,1,0
267,88_0.provenance.json,ML_DSA_65,3309,1,1,0,1,0,1,0,1,0
268,89_0.provenance.json,ML_DSA_65,3309,1,1,0,1,0,1,0,1,0
269,90_0.provenance.json,ML_DSA_65,3309,1,1,0,1,0,1,0,1,0
270,91_0.provenance.json,ML_DSA_65,3309,1,1,0,1,0,1,0,1,0
271,91_1.provenance.json,ML_DSA_65,3309,1,1,0,1,0,1,0,1,0
272,91_2.provenance.json,ML_DSA_65,3309,1,1,0,1,0,1,0,1,0
273,91_3.provenance.json,ML_DSA_65,3309,1,1,0,1,0,1,0,1,0
274,91_4.provenance.json,ML_DSA_65,3309,1,1,0,1,0,1,0,1,0
275,91_5.provenance.json,ML_DSA_65,3309,1,1,0,1,0,1,0,1,0
276,91_6.provenance.json,ML_DSA_65,3309,1,1,0,1,0,1,0,1,0
277,91_7.provenance.json,ML_DSA_65,3309,1,1,0,1,0,1,0,1,0
278,92_0.provenance.json,ML_DSA_65,3309,1,1,0,1,0,1,0,1,0
279,92_1.provenance.json,ML_DSA_65,3309,1,1,0,1,0,1,0,1,0
280,93_0.provenance.json,ML_DSA_65,3309,1,1,0,1,0,1,0,1,0
281,93_1.provenance.json,ML_DSA_65,3309,1,1,0,1,0,1,0,1,0
282,94_0.provenance.json,ML_DSA_65,3309,1,1,0,1,0,1,0,1,0
283,94_1.provenance.json,ML_DSA_65,3309,1,1,0,1,0,1,0,1,0
284,94_2.provenance.json,ML_DSA_65,3309,1,1,0,1,0,1,0,1,0
285,94_3.provenance.json,ML_DSA_65,3309,1,1,0,1,0,1,0,1,0
286,95_0.provenance.json,ML_DSA_65,3309,1,1,0,1,0,1,0,1,0
287,95_1.provenance.json,ML_DSA_65,3309,1,1,0,1,0,1,0,1,0
288,96_0.provenance.json,ML_DSA_65,3309,1,1,0,1,0,1,0,1,0
289,96_1.provenance.json,ML_DSA_65,3309,1,1,0,1,0,1,0,1,0
290,96_2.provenance.json,ML_DSA_65,3309,1,1,0,1,0,1,0,1,0
291,97_0.provenance.json,ML_DSA_65,3309,1,1,0,1,0,1,0,1,0
292,98_0.provenance.json,ML_DSA_65,3309,1,1,0,1,0,1,0,1,0
293,99_0.provenance.json,ML_DSA_65,3309,1,1,0,1,0,1,0,1,0
294,99_1.provenance.json,ML_DSA_65,3309,1,1,0,1,0,1,0,1,0
295,99_2.provenance.json,ML_DSA_65,3309,1,1,0,1,0,1,0,1,0
296,99_3.provenance.json,ML_DSA_65,3309,1,1,0,1,0,1,0,1,0
297,99_4.provenance.json,ML_DSA_65,3309,1,1,0,1,0,1,0,1,0
298,99_5.provenance.json,ML_DSA_65,3309,1,1,0,1,0,1,0,1,0
299,100_0.provenance.json,ML_DSA_65,3309,1,1,0,1,0,1,0,1,0
300,100_1.provenance.json,ML_DSA_65,3309,1,1,0,1,0,1,0,1,0
301,100_2.provenance.json,ML_DSA_65,3309,1,1,0,1,0,1,0,1,0
302,100_3.provenance.json,ML_DSA_65,3309,1,1,0,1,0,1,0,1,0
303,100_4.provenance.json,ML_DSA_65,3309,1,1,0,1,0,1,0,1,0
304,100_5.provenance.json,ML_DSA_65,3309,1,1,0,1,0,1,0,1,0
305,100_6.provenance.json,ML_DSA_65,3309,1,1,0,1,0,1,0,1,0
306,100_7.provenance.json,ML_DSA_65,3309,1,1,0,1,0,1,0,1,0
307,100_8.provenance.json,ML_DSA_65,3309,1,1,0,1,0,1,0,1,0
308,100_9.provenance.json,ML_DSA_65,3309,1,1,0,1,0,1,0,1,0
309,101_0.provenance.json,ML_DSA_65,3309,1,1,0,1,0,1,0,1,0
310,102_0.provenance.json,ML_DSA_65,3309,1,1,0,1,0,1,0,1,0
311,102_1.provenance.json,ML_DSA_65,3309,1,1,0,1,0,1,0,1,0
312,103_0.provenance.json,ML_DSA_65,3309,1,1,0,1,0,1,0,1,0
313,103_1.provenance.json,ML_DSA_65,3309,1,1,0,1,0,1,0,1,0
314,104_0.provenance.json,ML_DSA_65,3309,1,1,0,1,0,1,0,1,0
315,104_1.provenance.json,ML_DSA_65,3309,1,1,0,1,0,1,0,1,0
316,104_2.provenance.json,ML_DSA_65,3309,1,1,0,1,0,1,0,1,0
317,104_3.provenance.json,ML_DSA_65,3309,1,1,0,1,0,1,0,1,0
318,104_4.provenance.json,ML_DSA_65,3309,1,1,0,1,0,1,0,1,0
319,104_5.provenance.json,ML_DSA_65,3309,1,1,0,1,0,1,0,1,0
320,104_6.provenance.json,ML_DSA_65,3309,1,1,0,1,0,1,0,1,0
321,105_0.provenance.json,ML_DSA_65,3309,1,1,0,1,0,1,0,1,0
322,105_1.provenance.json,ML_DSA_65,3309,1,1,0,1,0,1,0,1,0
323,106_0.provenance.json,ML_DSA_65,3309,1,1,0,1,0,1,0,1,0
324,107_0.provenance.json,ML_DSA_65,3309,1,1,0,1,0,1,0,1,0
325,107_1.provenance.json,ML_DSA_65,3309,1,1,0,1,0,1,0,1,0
326,107_2.provenance.json,ML_DSA_65,3309,1,1,0,1,0,1,0,1,0
327,108_0.provenance.json,ML_DSA_65,3309,1,1,0,1,0,1,0,1,0
328,108_1.provenance.json,ML_DSA_65,3309,1,1,0,1,0,1,0,1,0
329,108_2.provenance.json,ML_DSA_65,3309,1,1,0,1,0,1,0,1,0
330,108_3.provenance.json,ML_DSA_65,3309,1,1,0,1,0,1,0,1,0
331,108_4.provenance.json,ML_DSA_65,3309,1,1,0,1,0,1,0,1,0
332,109_0.provenance.json,ML_DSA_65,3309,1,1,0,1,0,1,0,1,0
333,109_1.provenance.json,ML_DSA_65,3309,1,1,0,1,0,1,0,1,0
334,109_2.provenance.json,ML_DSA_65,3309,1,1,0,1,0,1,0,1,0
335,109_3.provenance.json,ML_DSA_65,3309,1,1,0,1,0,1,0,1,0
336,109_4.provenance.json,ML_DSA_65,3309,1,1,0,1,0,1,0,1,0
337,110_0.provenance.json,ML_DSA_65,3309,1,1,0,1,0,1,0,1,0
338,110_1.provenance.json,ML_DSA_65,3309,1,1,0,1,0,1,0,1,0
339,110_2.provenance.json,ML_DSA_65,3309,1,1,0,1,0,1,0,1,0
340,111_0.provenance.json,ML_DSA_65,3309,1,1,0,1,0,1,0,1,0
341,112_0.provenance.json,ML_DSA_65,3309,1,1,0,1,0,1,0,1,0
342,112_1.provenance.json,ML_DSA_65,3309,1,1,0,1,0,1,0,1,0
343,112_2.provenance.json,ML_DSA_65,3309,1,1,0,1,0,1,0,1,0
344,113_0.provenance.json,ML_DSA_65,3309,1,1,0,1,0,1,0,1,0
345,114_0.provenance.json,ML_DSA_65,3309,1,1,0,1,0,1,0,1,0
346,114_1.provenance.json,ML_DSA_65,3309,1,1,0,1,0,1,0,1,0
347,114_2.provenance.json,ML_DSA_65,3309,1,1,0,1,0,1,0,1,0
348,115_0.provenance.json,ML_DSA_65,3309,1,1,0,1,0,1,0,1,0
349,115_1.provenance.json,ML_DSA_65,3309,1,1,0,1,0,1,0,1,0
350,116_0.provenance.json,ML_DSA_65,3309,1,1,0,1,0,1,0,1,0
351,116_1.provenance.json,ML_DSA_65,3309,1,1,0,1,0,1,0,1,0
352,117_0.provenance.json,ML_DSA_65,3309,1,1,0,1,0,1,0,1,0
353,118_0.provenance.json,ML_DSA_65,3309,1,1,0,1,0,1,0,1,0
354,118_1.provenance.json,ML_DSA_65,3309,1,1,0,1,0,1,0,1,0
355,119_0.provenance.json,ML_DSA_65,3309,1,1,0,1,0,1,0,1,0
356,119_1.provenance.json,ML_DSA_65,3309,1,1,0,1,0,1,0,1,0
357,120_0.provenance.json,ML_DSA_65,3309,1,1,0,1,0,1,0,1,0
358,120_1.provenance.json,ML_DSA_65,3309,1,1,0,1,0,1,0,1,0
359,121_0.provenance.json,ML_DSA_65,3309,1,1,0,1,0,1,0,1,0
360,121_1.provenance.json,ML_DSA_65,3309,1,1,0,1,0,1,0,1,0
361,121_2.provenance.json,ML_DSA_65,3309,1,1,0,1,0,1,0,1,0
362,122_0.provenance.json,ML_DSA_65,3309,1,1,0,1,0,1,0,1,0
363,122_1.provenance.json,ML_DSA_65,3309,1,1,0,1,0,1,0,1,0
364,123_0.provenance.json,ML_DSA_65,3309,1,1,0,1,0,1,0,1,0
365,123_1.provenance.json,ML_DSA_65,3309,1,1,0,1,0,1,0,1,0
366,123_2.provenance.json,ML_DSA_65,3309,1,1,0,1,0,1,0,1,0
367,124_0.provenance.json,ML_DSA_65,3309,1,1,0,1,0,1,0,1,0
368,125_0.provenance.json,ML_DSA_65,3309,1,1,0,1,0,1,0,1,0
369,126_0.provenance.json,ML_DSA_65,3309,1,1,0,1,0,1,0,1,0
370,126_1.provenance.json,ML_DSA_65,3309,1,1,0,1,0,1,0,1,0
371,127_0.provenance.json,ML_DSA_65,3309,1,1,0,1,0,1,0,1,0
372,128_0.provenance.json,ML_DSA_65,3309,1,1,0,1,0,1,0,1,0
373,129_0.provenance.json,ML_DSA_65,3309,1,1,0,1,0,1,0,1,0
374,129_1.provenance.json,ML_DSA_65,3309,1,1,0,1,0,1,0,1,0
375,129_2.provenance.json,ML_DSA_65,3309,1,1,0,1,0,1,0,1,0
376,130_0.provenance.json,ML_DSA_65,3309,1,1,0,1,0,1,0,1,0
377,131_0.provenance.json,ML_DSA_65,3309,1,1,0,1,0,1,0,1,0
378,132_0.provenance.json,ML_DSA_65,3309,1,1,0,1,0,1,0,1,0
379,132_1.provenance.json,ML_DSA_65,3309,1,1,0,1,0,1,0,1,0
380,133_0.provenance.json,ML_DSA_65,3309,1,1,0,1,0,1,0,1,0
381,134_0.provenance.json,ML_DSA_65,3309,1,1,0,1,0,1,0,1,0
382,134_1.provenance.json,ML_DSA_65,3309,1,1,0,1,0,1,0,1,0
383,135_0.provenance.json,ML_DSA_65,3309,1,1,0,1,0,1,0,1,0
384,135_1.provenance.json,ML_DSA_65,3309,1,1,0,1,0,1,0,1,0
385,135_2.provenance.json,ML_DSA_65,3309,1,1,0,1,0,1,0,1,0
386,135_3.provenance.json,ML_DSA_65,3309,1,1,0,1,0,1,0,1,0
387,135_4.provenance.json,ML_DSA_65,3309,1,1,0,1,0,1,0,1,0
388,136_0.provenance.json,ML_DSA_65,3309,1,1,0,1,0,1,0,1,0
389,136_1.provenance.json,ML_DSA_65,3309,1,1,0,1,0,1,0,1,0
390,137_0.provenance.json,ML_DSA_65,3309,1,1,0,1,0,1,0,1,0
391,138_0.provenance.json,ML_DSA_65,3309,1,1,0,1,0,1,0,1,0
392,138_1.provenance.json,ML_DSA_65,3309,1,1,0,1,0,1,0,1,0
393,138_2.provenance.json,ML_DSA_65,3309,1,1,0,1,0,1,0,1,0
394,139_0.provenance.json,ML_DSA_65,3309,1,1,0,1,0,1,0,1,0
395,139_1.provenance.json,ML_DSA_65,3309,1,1,0,1,0,1,0,1,0
396,139_2.provenance.json,ML_DSA_65,3309,1,1,0,1,0,1,0,1,0
397,140_0.provenance.json,ML_DSA_65,3309,1,1,0,1,0,1,0,1,0
398,140_1.provenance.json,ML_DSA_65,3309,1,1,0,1,0,1,0,1,0
399,140_2.provenance.json,ML_DSA_65,3309,1,1,0,1,0,1,0,1,0
400,141_0.provenance.json,ML_DSA_65,3309,1,1,0,1,0,1,0,1,0
401,141_1.provenance.json,ML_DSA_65,3309,1,1,0,1,0,1,0,1,0
402,141_2.provenance.json,ML_DSA_65,3309,1,1,0,1,0,1,0,1,0
403,141_3.provenance.json,ML_DSA_65,3309,1,1,0,1,0,1,0,1,0
404,141_4.provenance.json,ML_DSA_65,3309,1,1,0,1,0,1,0,1,0
405,141_5.provenance.json,ML_DSA_65,3309,1,1,0,1,0,1,0,1,0
406,141_6.provenance.json,ML_DSA_65,3309,1,1,0,1,0,1,0,1,0
407,142_0.provenance.json,ML_DSA_65,3309,1,1,0,1,0,1,0,1,0
408,143_0.provenance.json,ML_DSA_65,3309,1,1,0,1,0,1,0,1,0
409,143_1.provenance.json,ML_DSA_65,3309,1,1,0,1,0,1,0,1,0
410,143_2.provenance.json,ML_DSA_65,3309,1,1,0,1,0,1,0,1,0
411,143_3.provenance.json,ML_DSA_65,3309,1,1,0,1,0,1,0,1,0
412,143_4.provenance.json,ML_DSA_65,3309,1,1,0,1,0,1,0,1,0
413,144_0.provenance.json,ML_DSA_65,3309,1,1,0,1,0,1,0,1,0
414,144_1.provenance.json,ML_DSA_65,3309,1,1,0,1,0,1,0,1,0
415,144_2.provenance.json,ML_DSA_65,3309,1,1,0,1,0,1,0,1,0
416,144_3.provenance.json,ML_DSA_65,3309,1,1,0,1,0,1,0,1,0
417,145_0.provenance.json,ML_DSA_65,3309,1,1,0,1,0,1,0,1,0
418,145_1.provenance.json,ML_DSA_65,3309,1,1,0,1,0,1,0,1,0
419,145_2.provenance.json,ML_DSA_65,3309,1,1,0,1,0,1,0,1,0
420,146_0.provenance.json,ML_DSA_65,3309,1,1,0,1,0,1,0,1,0
421,147_0.provenance.json,ML_DSA_65,3309,1,1,0,1,0,1,0,1,0
422,147_1.provenance.json,ML_DSA_65,3309,1,1,0,1,0,1,0,1,0
423,148_0.provenance.json,ML_DSA_65,3309,1,1,0,1,0,1,0,1,0
424,148_1.provenance.json,ML_DSA_65,3309,1,1,0,1,0,1,0,1,0
425,148_2.provenance.json,ML_DSA_65,3309,1,1,0,1,0,1,0,1,0
426,148_3.provenance.json,ML_DSA_65,3309,1,1,0,1,0,1,0,1,0
427,149_0.provenance.json,ML_DSA_65,3309,1,1,0,1,0,1,0,1,0
428,150_0.provenance.json,ML_DSA_65,3309,1,1,0,1,0,1,0,1,0
429,150_1.provenance.json,ML_DSA_65,3309,1,1,0,1,0,1,0,1,0
430,150_2.provenance.json,ML_DSA_65,3309,1,1,0,1,0,1,0,1,0
431,150_3.provenance.json,ML_DSA_65,3309,1,1,0,1,0,1,0,1,0
432,150_4.provenance.json,ML_DSA_65,3309,1,1,0,1,0,1,0,1,0
433,150_5.provenance.json,ML_DSA_65,3309,1,1,0,1,0,1,0,1,0
434,150_6.provenance.json,ML_DSA_65,3309,1,1,0,1,0,1,0,1,0
435,150_7.provenance.json,ML_DSA_65,3309,1,1,0,1,0,1,0,1,0
436,150_8.provenance.json,ML_DSA_65,3309,1,1,0,1,0,1,0,1,0
437,150_9.provenance.json,ML_DSA_65,3309,1,1,0,1,0,1,0,1,0
438,150_10.provenance.json,ML_DSA_65,3309,1,1,0,1,0,1,0,1,0
439,150_11.provenance.json,ML_DSA_65,3309,1,1,0,1,0,1,0,1,0
440,150_12.provenance.json,ML_DSA_65,3309,1,1,0,1,0,1,0,1,0
441,150_13.provenance.json,ML_DSA_65,3309,1,1,0,1,0,1,0,1,0
442,151_0.provenance.json,ML_DSA_65,3309,1,1,0,1,0,1,0,1,0
443,151_1.provenance.json,ML_DSA_65,3309,1,1,0,1,0,1,0,1,0
444,151_2.provenance.json,ML_DSA_65,3309,1,1,0,1,0,1,0,1,0
445,151_3.provenance.json,ML_DSA_65,3309,1,1,0,1,0,1,0,1,0
446,151_4.provenance.json,ML_DSA_65,3309,1,1,0,1,0,1,0,1,0
447,152_0.provenance.json,ML_DSA_65,3309,1,1,0,1,0,1,0,1,0
448,153_0.provenance.json,ML_DSA_65,3309,1,1,0,1,0,1,0,1,0
449,153_1.provenance.json,ML_DSA_65,3309,1,1,0,1,0,1,0,1,0
450,153_2.provenance.json,ML_DSA_65,3309,1,1,0,1,0,1,0,1,0
451,153_3.provenance.json,ML_DSA_65,3309,1,1,0,1,0,1,0,1,0
452,154_0.provenance.json,ML_DSA_65,3309,1,1,0,1,0,1,0,1,0
453,154_1.provenance.json,ML_DSA_65,3309,1,1,0,1,0,1,0,1,0
454,154_2.provenance.json,ML_DSA_65,3309,1,1,0,1,0,1,0,1,0
455,154_3.provenance.json,ML_DSA_65,3309,1,1,0,1,0,1,0,1,0
456,154_4.provenance.json,ML_DSA_65,3309,1,1,0,1,0,1,0,1,0
457,154_5.provenance.json,ML_DSA_65,3309,1,1,0,1,0,1,0,1,0
458,155_0.provenance.json,ML_DSA_65,3309,1,1,0,1,0,1,0,1,0
459,155_1.provenance.json,ML_DSA_65,3309,1,1,0,1,0,1,0,1,0
460,155_2.provenance.json,ML_DSA_65,3309,1,1,0,1,0,1,0,1,0
461,155_3.provenance.json,ML_DSA_65,3309,1,1,0,1,0,1,0,1,0
462,156_0.provenance.json,ML_DSA_65,3309,1,1,0,1,0,1,0,1,0
463,157_0.provenance.json,ML_DSA_65,3309,1,1,0,1,0,1,0,1,0
464,157_1.provenance.json,ML_DSA_65,3309,1,1,0,1,0,1,0,1,0
465,157_2.provenance.json,ML_DSA_65,3309,1,1,0,1,0,1,0,1,0
466,157_3.provenance.json,ML_DSA_65,3309,1,1,0,1,0,1,0,1,0
467,158_0.provenance.json,ML_DSA_65,3309,1,1,0,1,0,1,0,1,0
468,158_1.provenance.json,ML_DSA_65,3309,1,1,0,1,0,1,0,1,0
469,159_0.provenance.json,ML_DSA_65,3309,1,1,0,1,0,1,0,1,0
470,159_1.provenance.json,ML_DSA_65,3309,1,1,0,1,0,1,0,1,0
471,160_0.provenance.json,ML_DSA_65,3309,1,1,0,1,0,1,0,1,0
472,160_1.provenance.json,ML_DSA_65,3309,1,1,0,1,0,1,0,1,0
473,161_0.provenance.json,ML_DSA_65,3309,1,1,0,1,0,1,0,1,0
474,162_0.provenance.json,ML_DSA_65,3309,1,1,0,1,0,1,0,1,0
475,162_1.provenance.json,ML_DSA_65,3309,1,1,0,1,0,1,0,1,0
476,163_0.provenance.json,ML_DSA_65,3309,1,1,0,1,0,1,0,1,0
477,163_1.provenance.json,ML_DSA_65,3309,1,1,0,1,0,1,0,1,0
478,163_2.provenance.json,ML_DSA_65,3309,1,1,0,1,0,1,0,1,0
479,163_3.provenance.json,ML_DSA_65,3309,1,1,0,1,0,1,0,1,0
480,163_4.provenance.json,ML_DSA_65,3309,1,1,0,1,0,1,0,1,0
481,164_0.provenance.json,ML_DSA_65,3309,1,1,0,1,0,1,0,1,0
482,164_1.provenance.json,ML_DSA_65,3309,1,1,0,1,0,1,0,1,0
483,164_2.provenance.json,ML_DSA_65,3309,1,1,0,1,0,1,0,1,0
484,164_3.provenance.json,ML_DSA_65,3309,1,1,0,1,0,1,0,1,0
485,165_0.provenance.json,ML_DSA_65,3309,1,1,0,1,0,1,0,1,0
486,165_1.provenance.json,ML_DSA_65,3309,1,1,0,1,0,1,0,1,0
487,165_2.provenance.json,ML_DSA_65,3309,1,1,0,1,0,1,0,1,0
488,166_0.provenance.json,ML_DSA_65,3309,1,1,0,1,0,1,0,1,0
489,166_1.provenance.json,ML_DSA_65,3309,1,1,0,1,0,1,0,1,0
490,166_2.provenance.json,ML_DSA_65,3309,1,1,0,1,0,1,0,1,0
491,167_0.provenance.json,ML_DSA_65,3309,1,1,0,1,0,1,0,1,0
492,167_1.provenance.json,ML_DSA_65,3309,1,1,0,1,0,1,0,1,0
493,168_0.provenance.json,ML_DSA_65,3309,1,1,0,1,0,1,0,1,0
494,168_1.provenance.json,ML_DSA_65,3309,1,1,0,1,0,1,0,1,0
495,168_2.provenance.json,ML_DSA_65,3309,1,1,0,1,0,1,0,1,0
496,169_0.provenance.json,ML_DSA_65,3309,1,1,0,1,0,1,0,1,0
497,169_1.provenance.json,ML_DSA_65,3309,1,1,0,1,0,1,0,1,0
498,169_2.provenance.json,ML_DSA_65,3309,1,1,0,1,0,1,0,1,0
499,169_3.provenance.json,ML_DSA_65,3309,1,1,0,1,0,1,0,1,0
500,170_0.provenance.json,ML_DSA_65,3309,1,1,0,1,0,1,0,1,0
501,170_1.provenance.json,ML_DSA_65,3309,1,1,0,1,0,1,0,1,0
502,170_2.provenance.json,ML_DSA_65,3309,1,1,0,1,0,1,0,1,0
503,170_3.provenance.json,ML_DSA_65,3309,1,1,0,1,0,1,0,1,0
504,170_4.provenance.json,ML_DSA_65,3309,1,1,0,1,0,1,0,1,0
505,170_5.provenance.json,ML_DSA_65,3309,1,1,0,1,0,1,0,1,0
506,171_0.provenance.json,ML_DSA_65,3309,1,1,0,1,0,1,0,1,0
507,172_0.provenance.json,ML_DSA_65,3309,1,1,0,1,0,1,0,1,0
508,172_1.provenance.json,ML_DSA_65,3309,1,1,0,1,0,1,0,1,0
509,172_2.provenance.json,ML_DSA_65,3309,1,1,0,1,0,1,0,1,0
510,172_3.provenance.json,ML_DSA_65,3309,1,1,0,1,0,1,0,1,0
511,173_0.provenance.json,ML_DSA_65,3309,1,1,0,1,0,1,0,1,0
512,174_0.provenance.json,ML_DSA_65,3309,1,1,0,1,0,1,0,1,0
513,175_0.provenance.json,ML_DSA_65,3309,1,1,0,1,0,1,0,1,0
514,175_1.provenance.json,ML_DSA_65,3309,1,1,0,1,0,1,0,1,0
515,176_0.provenance.json,ML_DSA_65,3309,1,1,0,1,0,1,0,1,0
516,176_1.provenance.json,ML_DSA_65,3309,1,1,0,1,0,1,0,1,0
517,176_2.provenance.json,ML_DSA_65,3309,1,1,0,1,0,1,0,1,0
518,177_0.provenance.json,ML_DSA_65,3309,1,1,0,1,0,1,0,1,0
519,177_1.provenance.json,ML_DSA_65,3309,1,1,0,1,0,1,0,1,0
520,177_2.provenance.json,ML_DSA_65,3309,1,1,0,1,0,1,0,1,0
521,178_0.provenance.json,ML_DSA_65,3309,1,1,0,1,0,1,0,1,0
522,179_0.provenance.json,ML_DSA_65,3309,1,1,0,1,0,1,0,1,0
523,179_1.provenance.json,ML_DSA_65,3309,1,1,0,1,0,1,0,1,0
524,179_2.provenance.json,ML_DSA_65,3309,1,1,0,1,0,1,0,1,0
525,180_0.provenance.json,ML_DSA_65,3309,1,1,0,1,0,1,0,1,0
526,180_1.provenance.json,ML_DSA_65,3309,1,1,0,1,0,1,0,1,0
527,180_2.provenance.json,ML_DSA_65,3309,1,1,0,1,0,1,0,1,0
528,180_3.provenance.json,ML_DSA_65,3309,1,1,0,1,0,1,0,1,0
529,180_4.provenance.json,ML_DSA_65,3309,1,1,0,1,0,1,0,1,0
530,180_5.provenance.json,ML_DSA_65,3309,1,1,0,1,0,1,0,1,0
531,181_0.provenance.json,ML_DSA_65,3309,1,1,0,1,0,1,0,1,0
532,181_1.provenance.json,ML_DSA_65,3309,1,1,0,1,0,1,0,1,0
533,183_0.provenance.json,ML_DSA_65,3309,1,1,0,1,0,1,0,1,0
534,183_1.provenance.json,ML_DSA_65,3309,1,1,0,1,0,1,0,1,0
535,183_2.provenance.json,ML_DSA_65,3309,1,1,0,1,0,1,0,1,0
536,183_3.provenance.json,ML_DSA_65,3309,1,1,0,1,0,1,0,1,0
537,183_4.provenance.json,ML_DSA_65,3309,1,1,0,1,0,1,0,1,0
538,183_5.provenance.json,ML_DSA_65,3309,1,1,0,1,0,1,0,1,0
539,183_6.provenance.json,ML_DSA_65,3309,1,1,0,1,0,1,0,1,0
540,183_7.provenance.json,ML_DSA_65,3309,1,1,0,1,0,1,0,1,0
541,184_0.provenance.json,ML_DSA_65,3309,1,1,0,1,0,1,0,1,0
542,184_1.provenance.json,ML_DSA_65,3309,1,1,0,1,0,1,0,1,0
543,185_0.provenance.json,ML_DSA_65,3309,1,1,0,1,0,1,0,1,0
544,185_1.provenance.json,ML_DSA_65,3309,1,1,0,1,0,1,0,1,0
545,185_2.provenance.json,ML_DSA_65,3309,1,1,0,1,0,1,0,1,0
546,186_0.provenance.json,ML_DSA_65,3309,1,1,0,1,0,1,0,1,0
547,186_1.provenance.json,ML_DSA_65,3309,1,1,0,1,0,1,0,1,0
548,186_2.provenance.json,ML_DSA_65,3309,1,1,0,1,0,1,0,1,0
549,187_0.provenance.json,ML_DSA_65,3309,1,1,0,1,0,1,0,1,0
550,188_0.provenance.json,ML_DSA_65,3309,1,1,0,1,0,1,0,1,0
551,188_1.provenance.json,ML_DSA_65,3309,1,1,0,1,0,1,0,1,0
552,189_0.provenance.json,ML_DSA_65,3309,1,1,0,1,0,1,0,1,0
553,189_1.provenance.json,ML_DSA_65,3309,1,1,0,1,0,1,0,1,0
554,189_2.provenance.json,ML_DSA_65,3309,1,1,0,1,0,1,0,1,0
555,190_0.provenance.json,ML_DSA_65,3309,1,1,0,1,0,1,0,1,0
556,191_0.provenance.json,ML_DSA_65,3309,1,1,0,1,0,1,0,1,0
557,191_1.provenance.json,ML_DSA_65,3309,1,1,0,1,0,1,0,1,0
558,192_0.provenance.json,ML_DSA_65,3309,1,1,0,1,0,1,0,1,0
559,192_1.provenance.json,ML_DSA_65,3309,1,1,0,1,0,1,0,1,0
560,193_0.provenance.json,ML_DSA_65,3309,1,1,0,1,0,1,0,1,0
561,193_1.provenance.json,ML_DSA_65,3309,1,1,0,1,0,1,0,1,0
562,194_0.provenance.json,ML_DSA_65,3309,1,1,0,1,0,1,0,1,0
563,194_1.provenance.json,ML_DSA_65,3309,1,1,0,1,0,1,0,1,0
564,195_0.provenance.json,ML_DSA_65,3309,1,1,0,1,0,1,0,1,0
565,195_1.provenance.json,ML_DSA_65,3309,1,1,0,1,0,1,0,1,0
566,195_2.provenance.json,ML_DSA_65,3309,1,1,0,1,0,1,0,1,0
567,196_0.provenance.json,ML_DSA_65,3309,1,1,0,1,0,1,0,1,0
568,197_0.provenance.json,ML_DSA_65,3309,1,1,0,1,0,1,0,1,0
569,198_0.provenance.json,ML_DSA_65,3309,1,1,0,1,0,1,0,1,0
570,199_0.provenance.json,ML_DSA_65,3309,1,1,0,1,0,1,0,1,0
571,199_1.provenance.json,ML_DSA_65,3309,1,1,0,1,0,1,0,1,0
572,200_0.provenance.json,ML_DSA_65,3309,1,1,0,1,0,1,0,1,0
573,200_1.provenance.json,ML_DSA_65,3309,1,1,0,1,0,1,0,1,0
574,200_2.provenance.json,ML_DSA_65,3309,1,1,0,1,0,1,0,1,0
575,200_3.provenance.json,ML_DSA_65,3309,1,1,0,1,0,1,0,1,0
576,201_0.provenance.json,ML_DSA_65,3309,1,1,0,1,0,1,0,1,0
577,201_1.provenance.json,ML_DSA_65,3309,1,1,0,1,0,1,0,1,0
578,202_0.provenance.json,ML_DSA_65,3309,1,1,0,1,0,1,0,1,0
579,202_1.provenance.json,ML_DSA_65,3309,1,1,0,1,0,1,0,1,0
580,203_0.provenance.json,ML_DSA_65,3309,1,1,0,1,0,1,0,1,0
581,203_1.provenance.json,ML_DSA_65,3309,1,1,0,1,0,1,0,1,0
582,204_0.provenance.json,ML_DSA_65,3309,1,1,0,1,0,1,0,1,0
583,204_1.provenance.json,ML_DSA_65,3309,1,1,0,1,0,1,0,1,0
584,205_0.provenance.json,ML_DSA_65,3309,1,1,0,1,0,1,0,1,0
585,205_1.provenance.json,ML_DSA_65,3309,1,1,0,1,0,1,0,1,0
586,206_0.provenance.json,ML_DSA_65,3309,1,1,0,1,0,1,0,1,0
587,207_0.provenance.json,ML_DSA_65,3309,1,1,0,1,0,1,0,1,0
588,207_1.provenance.json,ML_DSA_65,3309,1,1,0,1,0,1,0,1,0
589,207_2.provenance.json,ML_DSA_65,3309,1,1,0,1,0,1,0,1,0
590,208_0.provenance.json,ML_DSA_65,3309,1,1,0,1,0,1,0,1,0
591,208_1.provenance.json,ML_DSA_65,3309,1,1,0,1,0,1,0,1,0
592,209_0.provenance.json,ML_DSA_65,3309,1,1,0,1,0,1,0,1,0
593,210_0.provenance.json,ML_DSA_65,3309,1,1,0,1,0,1,0,1,0
594,211_0.provenance.json,ML_DSA_65,3309,1,1,0,1,0,1,0,1,0
595,211_1.provenance.json,ML_DSA_65,3309,1,1,0,1,0,1,0,1,0
596,211_2.provenance.json,ML_DSA_65,3309,1,1,0,1,0,1,0,1,0
597,212_0.provenance.json,ML_DSA_65,3309,1,1,0,1,0,1,0,1,0
598,213_0.provenance.json,ML_DSA_65,3309,1,1,0,1,0,1,0,1,0
599,214_0.provenance.json,ML_DSA_65,3309,1,1,0,1,0,1,0,1,0
600,214_1.provenance.json,ML_DSA_65,3309,1,1,0,1,0,1,0,1,0
601,214_2.provenance.json,ML_DSA_65,3309,1,1,0,1,0,1,0,1,0
602,214_3.provenance.json,ML_DSA_65,3309,1,1,0,1,0,1,0,1,0
603,215_0.provenance.json,ML_DSA_65,3309,1,1,0,1,0,1,0,1,0
604,215_1.provenance.json,ML_DSA_65,3309,1,1,0,1,0,1,0,1,0
605,215_2.provenance.json,ML_DSA_65,3309,1,1,0,1,0,1,0,1,0
606,215_3.provenance.json,ML_DSA_65,3309,1,1,0,1,0,1,0,1,0
607,216_0.provenance.json,ML_DSA_65,3309,1,1,0,1,0,1,0,1,0
608,217_0.provenance.json,ML_DSA_65,3309,1,1,0,1,0,1,0,1,0
609,218_0.provenance.json,ML_DSA_65,3309,1,1,0,1,0,1,0,1,0
610,219_0.provenance.json,ML_DSA_65,3309,1,1,0,1,0,1,0,1,0
611,219_1.provenance.json,ML_DSA_65,3309,1,1,0,1,0,1,0,1,0
612,219_2.provenance.json,ML_DSA_65,3309,1,1,0,1,0,1,0,1,0
613,220_0.provenance.json,ML_DSA_65,3309,1,1,0,1,0,1,0,1,0
614,220_1.provenance.json,ML_DSA_65,3309,1,1,0,1,0,1,0,1,0
615,221_0.provenance.json,ML_DSA_65,3309,1,1,0,1,0,1,0,1,0
616,222_0.provenance.json,ML_DSA_65,3309,1,1,0,1,0,1,0,1,0
617,222_1.provenance.json,ML_DSA_65,3309,1,1,0,1,0,1,0,1,0
618,223_0.provenance.json,ML_DSA_65,3309,1,1,0,1,0,1,0,1,0
619,223_1.provenance.json,ML_DSA_65,3309,1,1,0,1,0,1,0,1,0
620,223_2.provenance.json,ML_DSA_65,3309,1,1,0,1,0,1,0,1,0
621,224_0.provenance.json,ML_DSA_65,3309,1,1,0,1,0,1,0,1,0
622,224_1.provenance.json,ML_DSA_65,3309,1,1,0,1,0,1,0,1,0
623,224_2.provenance.json,ML_DSA_65,3309,1,1,0,1,0,1,0,1,0
624,224_3.provenance.json,ML_DSA_65,3309,1,1,0,1,0,1,0,1,0
625,225_0.provenance.json,ML_DSA_65,3309,1,1,0,1,0,1,0,1,0
626,225_1.provenance.json,ML_DSA_65,3309,1,1,0,1,0,1,0,1,0
627,226_0.provenance.json,ML_DSA_65,3309,1,1,0,1,0,1,0,1,0
628,226_1.provenance.json,ML_DSA_65,3309,1,1,0,1,0,1,0,1,0
629,227_0.provenance.json,ML_DSA_65,3309,1,1,0,1,0,1,0,1,0
630,227_1.provenance.json,ML_DSA_65,3309,1,1,0,1,0,1,0,1,0
631,227_2.provenance.json,ML_DSA_65,3309,1,1,0,1,0,1,0,1,0
632,227_3.provenance.json,ML_DSA_65,3309,1,1,0,1,0,1,0,1,0
633,227_4.provenance.json,ML_DSA_65,3309,1,1,0,1,0,1,0,1,0
634,228_0.provenance.json,ML_DSA_65,3309,1,1,0,1,0,1,0,1,0
635,229_0.provenance.json,ML_DSA_65,3309,1,1,0,1,0,1,0,1,0
636,229_1.provenance.json,ML_DSA_65,3309,1,1,0,1,0,1,0,1,0
637,230_0.provenance.json,ML_DSA_65,3309,1,1,0,1,0,1,0,1,0
638,230_1.provenance.json,ML_DSA_65,3309,1,1,0,1,0,1,0,1,0
639,231_0.provenance.json,ML_DSA_65,3309,1,1,0,1,0,1,0,1,0
640,231_1.provenance.json,ML_DSA_65,3309,1,1,0,1,0,1,0,1,0
641,232_0.provenance.json,ML_DSA_65,3309,1,1,0,1,0,1,0,1,0
642,233_0.provenance.json,ML_DSA_65,3309,1,1,0,1,0,1,0,1,0
643,234_0.provenance.json,ML_DSA_65,3309,1,1,0,1,0,1,0,1,0
644,234_1.provenance.json,ML_DSA_65,3309,1,1,0,1,0,1,0,1,0
645,235_0.provenance.json,ML_DSA_65,3309,1,1,0,1,0,1,0,1,0
646,236_0.provenance.json,ML_DSA_65,3309,1,1,0,1,0,1,0,1,0
647,237_0.provenance.json,ML_DSA_65,3309,1,1,0,1,0,1,0,1,0
648,237_1.provenance.json,ML_DSA_65,3309,1,1,0,1,0,1,0,1,0
649,238_0.provenance.json,ML_DSA_65,3309,1,1,0,1,0,1,0,1,0
650,238_1.provenance.json,ML_DSA_65,3309,1,1,0,1,0,1,0,1,0
651,239_0.provenance.json,ML_DSA_65,3309,1,1,0,1,0,1,0,1,0
652,239_1.provenance.json,ML_DSA_65,3309,1,1,0,1,0,1,0,1,0
653,240_0.provenance.json,ML_DSA_65,3309,1,1,0,1,0,1,0,1,0
654,240_1.provenance.json,ML_DSA_65,3309,1,1,0,1,0,1,0,1,0
655,240_2.provenance.json,ML_DSA_65,3309,1,1,0,1,0,1,0,1,0
656,241_0.provenance.json,ML_DSA_65,3309,1,1,0,1,0,1,0,1,0
657,241_1.provenance.json,ML_DSA_65,3309,1,1,0,1,0,1,0,1,0
658,241_2.provenance.json,ML_DSA_65,3309,1,1,0,1,0,1,0,1,0
659,242_0.provenance.json,ML_DSA_65,3309,1,1,0,1,0,1,0,1,0
660,243_0.provenance.json,ML_DSA_65,3309,1,1,0,1,0,1,0,1,0
661,243_1.provenance.json,ML_DSA_65,3309,1,1,0,1,0,1,0,1,0
662,244_0.provenance.json,ML_DSA_65,3309,1,1,0,1,0,1,0,1,0
663,244_1.provenance.json,ML_DSA_65,3309,1,1,0,1,0,1,0,1,0
664,245_0.provenance.json,ML_DSA_65,3309,1,1,0,1,0,1,0,1,0
665,245_1.provenance.json,ML_DSA_65,3309,1,1,0,1,0,1,0,1,0
666,245_2.provenance.json,ML_DSA_65,3309,1,1,0,1,0,1,0,1,0
667,246_0.provenance.json,ML_DSA_65,3309,1,1,0,1,0,1,0,1,0
668,247_0.provenance.json,ML_DSA_65,3309,1,1,0,1,0,1,0,1,0
669,247_1.provenance.json,ML_DSA_65,3309,1,1,0,1,0,1,0,1,0
670,248_0.provenance.json,ML_DSA_65,3309,1,1,0,1,0,1,0,1,0
671,249_0.provenance.json,ML_DSA_65,3309,1,1,0,1,0,1,0,1,0
672,249_1.provenance.json,ML_DSA_65,3309,1,1,0,1,0,1,0,1,0
673,249_2.provenance.json,ML_DSA_65,3309,1,1,0,1,0,1,0,1,0
674,249_3.provenance.json,ML_DSA_65,3309,1,1,0,1,0,1,0,1,0
675,250_0.provenance.json,ML_DSA_65,3309,1,1,0,1,0,1,0,1,0
676,250_1.provenance.json,ML_DSA_65,3309,1,1,0,1,0,1,0,1,0
677,251_0.provenance.json,ML_DSA_65,3309,1,1,0,1,0,1,0,1,0
678,252_0.provenance.json,ML_DSA_65,3309,1,1,0,1,0,1,0,1,0
679,252_1.provenance.json,ML_DSA_65,3309,1,1,0,1,0,1,0,1,0
680,253_0.provenance.json,ML_DSA_65,3309,1,1,0,1,0,1,0,1,0
681,253_1.provenance.json,ML_DSA_65,3309,1,1,0,1,0,1,0,1,0
682,253_2.provenance.json,ML_DSA_65,3309,1,1,0,1,0,1,0,1,0
683,254_0.provenance.json,ML_DSA_65,3309,1,1,0,1,0,1,0,1,0
684,255_0.provenance.json,ML_DSA_65,3309,1,1,0,1,0,1,0,1,0
685,255_1.provenance.json,ML_DSA_65,3309,1,1,0,1,0,1,0,1,0
686,255_2.provenance.json,ML_DSA_65,3309,1,1,0,1,0,1,0,1,0
687,256_0.provenance.json,ML_DSA_65,3309,1,1,0,1,0,1,0,1,0
688,256_1.provenance.json,ML_DSA_65,3309,1,1,0,1,0,1,0,1,0
689,257_0.provenance.json,ML_DSA_65,3309,1,1,0,1,0,1,0,1,0
690,257_1.provenance.json,ML_DSA_65,3309,1,1,0,1,0,1,0,1,0
691,258_0.provenance.json,ML_DSA_65,3309,1,1,0,1,0,1,0,1,0
692,258_1.provenance.json,ML_DSA_65,3309,1,1,0,1,0,1,0,1,0
693,259_0.provenance.json,ML_DSA_65,3309,1,1,0,1,0,1,0,1,0
694,259_1.provenance.json,ML_DSA_65,3309,1,1,0,1,0,1,0,1,0
695,259_2.provenance.json,ML_DSA_65,3309,1,1,0,1,0,1,0,1,0
696,259_3.provenance.json,ML_DSA_65,3309,1,1,0,1,0,1,0,1,0
697,259_4.provenance.json,ML_DSA_65,3309,1,1,0,1,0,1,0,1,0
698,259_5.provenance.json,ML_DSA_65,3309,1,1,0,1,0,1,0,1,0
699,260_0.provenance.json,ML_DSA_65,3309,1,1,0,1,0,1,0,1,0
700,261_0.provenance.json,ML_DSA_65,3309,1,1,0,1,0,1,0,1,0
701,261_1.provenance.json,ML_DSA_65,3309,1,1,0,1,0,1,0,1,0
702,262_0.provenance.json,ML_DSA_65,3309,1,1,0,1,0,1,0,1,0
703,263_0.provenance.json,ML_DSA_65,3309,1,1,0,1,0,1,0,1,0
704,264_0.provenance.json,ML_DSA_65,3309,1,1,0,1,0,1,0,1,0
705,265_0.provenance.json,ML_DSA_65,3309,1,1,0,1,0,1,0,1,0
706,265_1.provenance.json,ML_DSA_65,3309,1,1,0,1,0,1,0,1,0
707,266_0.provenance.json,ML_DSA_65,3309,1,1,0,1,0,1,0,1,0
708,267_0.provenance.json,ML_DSA_65,3309,1,1,0,1,0,1,0,1,0
709,268_0.provenance.json,ML_DSA_65,3309,1,1,0,1,0,1,0,1,0
710,269_0.provenance.json,ML_DSA_65,3309,1,1,0,1,0,1,0,1,0
711,269_1.provenance.json,ML_DSA_65,3309,1,1,0,1,0,1,0,1,0
712,270_0.provenance.json,ML_DSA_65,3309,1,1,0,1,0,1,0,1,0
713,270_1.provenance.json,ML_DSA_65,3309,1,1,0,1,0,1,0,1,0
714,271_0.provenance.json,ML_DSA_65,3309,1,1,0,1,0,1,0,1,0
715,272_0.provenance.json,ML_DSA_65,3309,1,1,0,1,0,1,0,1,0
716,272_1.provenance.json,ML_DSA_65,3309,1,1,0,1,0,1,0,1,0
717,273_0.provenance.json,ML_DSA_65,3309,1,1,0,1,0,1,0,1,0
718,274_0.provenance.json,ML_DSA_65,3309,1,1,0,1,0,1,0,1,0
719,275_0.provenance.json,ML_DSA_65,3309,1,1,0,1,0,1,0,1,0
720,275_1.provenance.json,ML_DSA_65,3309,1,1,0,1,0,1,0,1,0
721,275_2.provenance.json,ML_DSA_65,3309,1,1,0,1,0,1,0,1,0
722,276_0.provenance.json,ML_DSA_65,3309,1,1,0,1,0,1,0,1,0
723,276_1.provenance.json,ML_DSA_65,3309,1,1,0,1,0,1,0,1,0
724,276_2.provenance.json,ML_DSA_65,3309,1,1,0,1,0,1,0,1,0
725,277_0.provenance.json,ML_DSA_65,3309,1,1,0,1,0,1,0,1,0
726,277_1.provenance.json,ML_DSA_65,3309,1,1,0,1,0,1,0,1,0
727,277_2.provenance.json,ML_DSA_65,3309,1,1,0,1,0,1,0,1,0
728,278_0.provenance.json,ML_DSA_65,3309,1,1,0,1,0,1,0,1,0
729,278_1.provenance.json,ML_DSA_65,3309,1,1,0,1,0,1,0,1,0
730,279_0.provenance.json,ML_DSA_65,3309,1,1,0,1,0,1,0,1,0
731,279_1.provenance.json,ML_DSA_65,3309,1,1,0,1,0,1,0,1,0
732,280_0.provenance.json,ML_DSA_65,3309,1,1,0,1,0,1,0,1,0
733,280_1.provenance.json,ML_DSA_65,3309,1,1,0,1,0,1,0,1,0
734,281_0.provenance.json,ML_DSA_65,3309,1,1,0,1,0,1,0,1,0
735,281_1.provenance.json,ML_DSA_65,3309,1,1,0,1,0,1,0,1,0
736,282_0.provenance.json,ML_DSA_65,3309,1,1,0,1,0,1,0,1,0
737,282_1.provenance.json,ML_DSA_65,3309,1,1,0,1,0,1,0,1,0
738,283_0.provenance.json,ML_DSA_65,3309,1,1,0,1,0,1,0,1,0
739,283_1.provenance.json,ML_DSA_65,3309,1,1,0,1,0,1,0,1,0
740,284_0.provenance.json,ML_DSA_65,3309,1,1,0,1,0,1,0,1,0
741,284_1.provenance.json,ML_DSA_65,3309,1,1,0,1,0,1,0,1,0
742,285_0.provenance.json,ML_DSA_65,3309,1,1,0,1,0,1,0,1,0
743,286_0.provenance.json,ML_DSA_65,3309,1,1,0,1,0,1,0,1,0
744,286_1.provenance.json,ML_DSA_65,3309,1,1,0,1,0,1,0,1,0
745,287_0.provenance.json,ML_DSA_65,3309,1,1,0,1,0,1,0,1,0
746,287_1.provenance.json,ML_DSA_65,3309,1,1,0,1,0,1,0,1,0
747,288_0.provenance.json,ML_DSA_65,3309,1,1,0,1,0,1,0,1,0
